event_id,start_time,owner_username,Date,collaborators,duration
1,9:41,jkondrat90,2023-01-14,jannp6,2.2
2,,aricardetag,,,
3,,ijinkine7,,,
4,17:13,mmarchf1,2024-02-23,lstandingap,1.3
5,11:18,stran6o,2023-10-25,alutwycheee,4.5
6,,wplampinnw,,,
7,18:11,mgrint4d,2023-03-22,gpownallej,3.7
8,,ryellowleyco,,,
9,17:59,ejelkspb,2023-09-21,eruddochqb,4.3
10,,acortinho,,,
11,16:05,mstobohf,2023-08-18,lwiddowes5e,3.7
12,,fwindleyc9,,,
13,,mchadbournep,,,
14,,cmattson3q,,,
15,15:46,pworsomo4,2023-05-01,kbattershalla6,4.7
16,,mhartshorn6x,,,
17,,cnorvalf4,,,
18,13:49,ttrousdellio,2023-10-27,beustacehk,1.1
19,,csterndale26,,,
20,18:53,lberaneko,2024-06-16,lbalmanngs,3.4
21,19:10,mdaltonqa,2024-03-04,kodonnelly3l,1.1
22,17:45,jvallentina1,2023-11-03,cnorvalf4,1.8
23,,cwisammb,,,
24,,asighard4g,,,
25,,eborrow2k,,,
26,,dnorthage18,,,
27,11:06,jexleyg4,2024-03-20,rcoldwell1b,3.3
28,12:43,gvanh8,2023-02-09,sidaha,1.5
29,21:59,abaldir4,2024-04-03,smouatt78,4.1
30,,mluthwoodgn,,,
31,,ereame84,,,
32,,ashilvockg9,,,
33,,mmulvihillnk,,,
34,9:56,rmeelandqj,2022-12-14,fhodjettsoo,3.4
35,21:56,lwhelpdale7b,2023-06-07,trentcomeba,2.7
36,17:03,jsantos2a,2023-08-25,vforshawo5,4.2
37,,dwomackkq,,,
38,,ecantillongt,,,
39,9:20,tlockhurstog,2023-05-24,dfullagarjf,1.0
40,,koherlihyou,,,
41,,esimonetonbw,,,
42,,kreilingbd,,,
43,,kgreiser3f,,,
44,12:57,rlewtonra,2023-04-27,lgroveli,2.2
45,,adriffilldo,,,
46,,rolivep7,,,
47,,fhenaughan61,,,
48,,jricoalddw,,,
49,,geasbie6b,,,
50,,omanoch2l,,,
51,,bmellingspi,,,
52,10:30,abafordb3,2023-10-11,sciccarellih0,1.8
53,,egrimwadeao,,,
54,,dlehenmannnr,,,
55,,ashewring8l,,,
56,13:02,hillesley9g,2022-08-26,ccrossan8y,4.6
57,21:13,mmacaskief,2023-01-14,lwalch3c,4.9
58,10:28,kanthoine5,2023-06-07,acantillionoy,4.3
59,,bbentallh,,,
60,,bduggary6g,,,
61,,hdryburghq0,,,
62,,dfullagarjf,,,
63,,estenningdn,,,
64,,fmendenhallkt,,,
65,,akryszka3,,,
66,,htroodt,,,
67,12:44,ssabin2p,2023-12-28,bfladelv,1.1
68,,springleyam,,,
69,,dtavnera2,,,
70,,nkemble3i,,,
71,,rcaldicottiz,,,
72,12:48,mjoffe25,2023-08-14,srolyg0,1.5
73,,bgiorgii6,,,
74,12:05,gfarleyh4,2022-10-18,twalkinshawkk,4.4
75,19:32,mwhitty35,2023-12-19,lgilffillandn4,3.3
76,17:44,dstillyj9,2023-07-21,vrileyg5,1.2
77,,fcorryerng,,,
78,,twetherby6j,,,
79,,iloreynh,,,
80,14:39,ccullingtonq1,2023-12-05,xfavelaml,1.1
81,,sfawdriebl,,,
82,9:13,zswanner0,2024-06-27,zknyvettv,4.0
83,,ttrousdellio,,,
84,,ctiller3j,,,
85,19:49,glaviss69,2024-05-16,mjoffe25,1.0
86,15:49,ageane51,2022-09-29,mtoffaloim,2.3
87,,eberthqo,,,
88,,jgibberddl,,,
89,,croscherkg,,,
90,,jdrysdelljp,,,
91,18:58,emahoodps,2023-10-29,atrenchergg,2.1
92,15:51,bhebditchl6,2022-09-01,ccummineau,3.9
93,18:56,ffairhamc0,2023-05-20,afarfoot6,4.3
94,16:16,ttompkissrj,2023-04-02,spalingd1,1.6
95,16:30,anuschke2d,2023-05-28,adilliway2o,1.1
96,,msadgroveai,,,
97,11:01,eciepluchd3,2023-11-13,mjiricka2b,4.2
98,17:11,irosenstiellu,2022-09-12,kkneeshaf2,2.5
99,,lmacanespie4h,,,
100,9:00,chawksleeop,2022-08-19,bmurfettc6,1.2
101,,cmattson3q,,,
102,,sskehan9f,,,
103,,cgarlingg3,,,
104,18:09,ehiscokegu,2023-06-25,ffreearcn,1.3
105,17:22,ldysertpy,2023-01-23,mjeffryesky,3.9
106,13:43,evernil8,2023-09-05,ccrossan8y,2.3
107,,iphysick3m,,,
108,13:33,ajudkinm4,2023-03-11,hgidney9p,4.4
109,,rallertongy,,,
110,9:01,mmcvicker62,2023-03-13,ptoop5s,4.9
111,,tdriuzzify,,,
112,11:00,jtodman3w,2023-04-26,jkeersik,3.0
113,10:39,csteedman7r,2023-08-05,vmarchbankmn,4.1
114,,pvizef3,,,
115,15:03,opaurd9,2023-11-26,dgummarym2,4.5
116,13:49,ncordelledf,2023-08-10,hnornasellfa,1.7
117,,nbotcherbyh5,,,
118,12:20,ssavatier5x,2023-01-01,rsyrattcb,2.4
119,16:16,csharpling1j,2022-11-24,rsummerleemd,1.4
120,11:53,ppoure1,2023-09-23,bgiorgii6,3.5
121,,gfarleyh4,,,
122,15:00,kguisecp,2023-10-08,amccolley42,1.7
123,18:13,gsisleyd,2023-06-20,bglowachfq,1.4
124,19:57,rbarbosa10,2024-04-15,dhounsom7n,3.7
125,,aallicockip,,,
126,13:40,droblin5j,2024-06-24,aallicockip,3.2
127,,mcarlylex,,,
128,12:19,smoricanq5,2024-04-22,akanter94,3.8
129,19:27,dluna16,2024-05-21,kmoaklerbb,4.7
130,16:42,mgrint4d,2023-02-08,sidaha,4.1
131,15:03,kmorrelcc,2023-09-13,mfairheadfi,3.1
132,,wmorrieson1w,,,
133,,eborrow2k,,,
134,,bsell72,,,
135,,abaldir4,,,
136,10:42,eshoardc4,2024-01-03,xfavelaml,4.0
137,,gdablinghn,,,
138,,mlewsley67,,,
139,14:48,ababinp1,2023-07-15,srheaume57,4.3
140,,gbinden6s,,,
141,,scarlsonl5,,,
142,12:01,vshatliffqd,2023-11-05,wnaylorbu,3.0
143,,aobroganed6,,,
144,,ncroysdaleer,,,
145,16:22,hwoodnuttcx,2022-11-17,mstobohf,1.8
146,,sseymerrr,,,
147,11:50,mburns97,2024-02-19,mfifieldhc,1.2
148,,fthurstancejr,,,
149,21:02,mmcluckieqg,2023-09-16,jcain22,3.5
150,15:35,carendsaw,2023-10-11,kgreiser3f,2.3
151,16:31,kgrummitt7v,2023-08-24,banthoinl9,4.1
152,16:38,iokeaveny9k,2024-04-05,cespinay9u,4.2
153,15:52,asewallq7,2023-01-27,rsharplep3,4.1
154,17:28,akanter94,2024-02-29,lmaurole,3.2
155,12:21,mmacaskief,2022-12-14,lflacknellmx,1.3
156,14:22,agooddiebv,2023-06-15,mhartshorn6x,2.5
157,12:27,wglader44,2023-02-04,ejelkspb,4.9
158,13:48,jmalafebn,2023-09-04,dairlieqw,2.6
159,,mwinsiowiecki1s,,,
160,,lconn6w,,,
161,,nmoreyn5,,,
162,,rcoldwell1b,,,
163,,ejancikoz,,,
164,9:46,rdrust77,2022-12-19,ndevas5t,1.2
165,,mhartshorn6x,,,
166,18:03,ceschellepw,2022-10-25,dhounsom7n,4.1
167,17:43,fjurczikbr,2023-02-23,gdablinghn,3.9
168,18:49,stran6o,2024-01-02,jpolandl1,3.0
169,,dlandells4m,,,
170,,aguessn9,,,
171,10:29,dollertonht,2023-10-13,jbulstrode8d,1.4
172,,fmewharf,,,
173,,ctiller3j,,,
174,16:11,jpreshawgf,2023-12-15,aobroganed6,3.7
175,,rmelluishre,,,
176,17:48,htroodt,2022-12-21,gvalanceix,1.6
177,,vmccrackanl0,,,
178,21:53,sjanuszkiewicza8,2024-03-15,jjimefh,3.8
179,,rpoateb4,,,
180,12:43,rramsbotham7g,2024-03-07,cmoodiemc,1.6
181,,cfieldsend5q,,,
182,,efearea4,,,
183,,gleser3n,,,
184,,mfairheadfi,,,
185,,ghawseaz,,,
186,,mchadbournep,,,
187,,bduggary6g,,,
188,,chawksleeop,,,
189,12:47,fwindleyc9,2023-04-12,nbanbridge7c,2.6
190,,cbelhommei8,,,
191,10:13,lheimsni,2022-08-29,hspeachley1q,1.7
192,21:13,lbarr2u,2024-01-22,wtitcombqc,2.1
193,,droblin5j,,,
194,9:09,lshaxbyk9,2023-03-24,adrewesa7,3.7
195,,hfrischmf,,,
196,11:01,azanussiipx,2024-05-17,jduddellay,3.5
197,,bfrostdyke2v,,,
198,21:16,ecantillongt,2022-09-22,croscherkg,4.0
199,,jhilleyie,,,
200,,mjornnq,,,
201,12:43,ptoop5s,2024-06-17,dconklin7m,3.9
202,,mgrammerpz,,,
203,,rrasellj5,,,
204,,kradfordey,,,
205,,fbarhams6d,,,
206,,lfieldencd,,,
207,12:38,gfabbrimw,2023-09-11,adem3,1.0
208,12:56,mfifieldhc,2023-10-18,mdolesa9,2.6
209,,jironsnt,,,
210,,cbaudeeh,,,
211,20:10,jwinsonmy,2023-08-13,mroddick5f,3.9
212,10:24,aalgatelh,2022-08-22,jmerwood7w,4.2
213,20:16,wcolwillod,2024-02-04,chawksleeop,2.5
214,12:17,qloadsman4v,2024-06-28,mcleghornin,1.0
215,,hbarkesbi,,,
216,12:30,agreenhoughke,2022-11-22,kmorrelcc,3.4
217,21:38,dgadaultr5,2022-09-28,wmcilvoraybf,1.5
218,,fbehnecken86,,,
219,,acortinho,,,
220,,bhamileu,,,
221,,mjasiaknz,,,
222,,dcleynman9z,,,
223,,ehaslamew,,,
224,,okelstonpu,,,
225,,gmcronald99,,,
226,20:39,esiaspinski20,2024-03-24,jcranmorelx,1.4
227,,cbelhommei8,,,
228,13:20,sgiovannoni6q,2022-12-27,csharpling1j,3.9
229,,ncahen92,,,
230,,yder8,,,
231,,dstillyj9,,,
232,,nelldred7i,,,
233,17:59,rallertongy,2023-09-05,hthoriusnc,2.3
234,11:55,kanthoine5,2023-02-11,asidebotham24,1.2
235,,irosenstiellu,,,
236,11:23,cespinay9u,2023-06-14,sgiovannoni6q,4.7
237,10:29,wgiovanazzinj,2024-05-13,kmoaklerbb,3.8
238,,gdilaweypd,,,
239,,tramalheterg,,,
240,,geasbie6b,,,
241,18:30,rnodennb,2024-03-02,asuller7t,3.6
242,,jmedwellly,,,
243,,rmelluishre,,,
244,,msadgroveai,,,
245,15:25,tsugarsei,2024-06-09,wnoultonf8,3.6
246,17:14,lgroveli,2022-10-18,lbarr2u,2.0
247,19:09,cnorvalf4,2022-09-06,jsheirlawj7,4.8
248,17:34,dwintringham9,2022-11-22,fmerkeljv,4.9
249,13:49,kabramowitzlk,2022-10-16,mboxei,1.0
250,11:48,rskoggins8i,2024-03-10,vcristofariaf,4.0
251,,acastanerj,,,
252,19:29,atemplarg8,2023-09-21,amilnefb,4.7
253,14:59,wcopnall7f,2023-01-24,kblundan34,1.7
254,,riggo7e,,,
255,21:16,mbarbrook7d,2024-02-21,bhamertone2,2.7
256,11:52,jpirroneet,2024-03-06,fmewharf,4.7
257,9:31,jgibberddl,2024-06-01,theismanb7,2.7
258,,ahonischa,,,
259,,jduddellay,,,
260,,cpooly3b,,,
261,,hgriersongm,,,
262,,mjornnq,,,
263,,ttamblynh2,,,
264,,spalingd1,,,
265,,mlongfutpe,,,
266,,norwinij,,,
267,,dchallaceg6,,,
268,20:13,pantoniottii37,2023-06-14,pbunworth6l,1.4
269,,ediggens12,,,
270,,kharbachfg,,,
271,10:20,bgrierson9r,2022-09-17,dhaycroftqs,3.0
272,18:44,jallbonn3,2022-10-25,ismy82,3.2
273,12:42,scooneyjb,2023-07-21,nkemble3i,4.8
274,,mjoffe25,,,
275,,asangarlq,,,
276,,akryszka3,,,
277,,gmcmorranar,,,
278,16:22,irosenstiellu,2024-06-10,atevlin2r,2.3
279,,bguestem8,,,
280,,cmcclure4s,,,
281,15:25,marnoudcz,2023-08-05,bpeepall1o,1.2
282,,vdusti7,,,
283,14:00,orallinshawfz,2024-02-02,csterndale26,3.7
284,,alangshaw43,,,
285,10:58,jtodman3w,2022-11-16,bduggary6g,1.2
286,15:34,mjiricka2b,2023-08-23,jbathersbyk3,2.8
287,,jabramcik2j,,,
288,20:14,jsapp2y,2023-01-04,mheaslyia,3.8
289,,mchesnutjs,,,
290,13:50,dastupenas98,2024-05-28,ltreenja,2.6
291,,lfuncheonbc,,,
292,13:08,agiacobbonm,2024-06-16,ovinnicombeqz,2.7
293,,cbelhommei8,,,
294,21:37,jkondrat90,2023-07-08,lgilffillandn4,3.9
295,,rramsbotham7g,,,
296,14:48,bconti8z,2023-03-08,dconklin7m,2.8
297,,jwilkes54,,,
298,,scarlsonl5,,,
299,11:37,kanthoine5,2022-12-19,ealejandriqr,4.8
300,17:11,dtavnera2,2023-06-10,mmulvihillnk,2.8
301,21:01,abaswall83,2023-08-06,sdejg,3.8
302,21:24,ctiller3j,2024-03-20,sduxbarry1x,3.5
303,,staffrey4u,,,
304,,bfladelv,,,
305,19:58,jabramcik2j,2023-10-28,mjeffryesky,4.5
306,21:03,mlipson5h,2022-12-13,kgherardelligv,1.9
307,12:49,eshowlerna,2022-08-25,lgilffillandn4,3.0
308,16:24,hkinneirp2,2023-05-30,calsop1z,4.8
309,14:17,scastilljoq9,2024-05-04,rsouthcombjo,1.8
310,,emedlicottfo,,,
311,,bconti8z,,,
312,,lheimsni,,,
313,9:43,cgarlingg3,2023-05-30,acortinho,1.7
314,14:21,wmcilvoraybf,2022-12-29,brossettihs,3.0
315,14:54,zknyvettv,2024-05-04,mhopkynsor,4.3
316,,lkanwell3r,,,
317,,ebutfieldmu,,,
318,,cbleierf9,,,
319,9:12,pbellohi,2023-07-23,vmccrackanl0,1.9
320,,mverdy4f,,,
321,16:29,bpaynez,2024-05-27,mcarlylex,1.6
322,,ffreearcn,,,
323,14:15,scoldhamny,2024-04-29,nmoreyn5,2.1
324,16:26,awadesonk,2023-09-02,msiddell2n,2.5
325,,gconlaund76,,,
326,11:44,amaffeo1g,2023-09-04,mwinsiowiecki1s,1.9
327,,lwolfartm9,,,
328,12:28,fdroghan7z,2023-06-17,dlong1u,3.6
329,,mhazzardol,,,
330,,dhardsiv,,,
331,,mcarlylex,,,
332,12:03,nlatheyfe,2023-10-22,gfarleyh4,4.0
333,,egrimwadeao,,,
334,11:18,gpichelm,2023-04-13,swillarton29,1.8
335,,bcawthronld,,,
336,,mprendivillege,,,
337,,mmacaskief,,,
338,15:34,rpoateb4,2023-02-01,ceshelbyfd,3.0
339,18:59,gvalanceix,2024-02-02,dginnkd,4.4
340,,kitscowicz8p,,,
341,10:07,sjorez2m,2022-11-03,fhenaughan61,4.6
342,,jklimeckib0,,,
343,,ncroysdaleer,,,
344,12:19,jfilipovjn,2024-02-10,jkondratovichdk,2.9
345,14:54,mtrymek2,2024-06-13,rmoffbh,3.7
346,,cgeertsen4c,,,
347,9:01,hmelbourneb1,2022-08-10,fhovelqv,2.0
348,10:21,swillarton29,2024-01-02,rsummerleemd,1.7
349,,dchallaceg6,,,
350,11:18,ksimoncelli36,2022-08-27,geasbie6b,1.1
351,,spetrulisda,,,
352,21:41,nheadrickkr,2024-06-27,aroachedh,4.8
353,,kmacredmondjt,,,
354,12:15,rbeswick8h,2023-07-18,jgrzelczyk4j,1.1
355,18:13,atrewhella5d,2022-08-09,wnaylorbu,4.4
356,12:30,bmullinsnx,2023-12-28,rramsbotham7g,4.8
357,16:16,lgunstonenp,2024-02-26,mcashleybk,1.8
358,,mjiricka2b,,,
359,,dhanhartdm,,,
360,,dcowthart6u,,,
361,,nbanbridge7c,,,
362,17:08,csteedman7r,2023-04-21,pottewill2h,2.5
363,,aguessn9,,,
364,,mwylliskf,,,
365,14:16,jmedwellly,2023-05-29,cokeenanoe,1.2
366,,lshaxbyk9,,,
367,21:06,lhuard55,2022-12-29,astg7,4.3
368,,bpaynez,,,
369,,asidebotham24,,,
370,21:35,jcausnettbz,2023-05-06,rcaldicottiz,4.3
371,,emedlicottfo,,,
372,14:04,lberaneko,2023-12-26,dashbrookmi,4.2
373,18:05,omanoch2l,2023-01-10,sjigginsmo,1.5
374,,pworsomo4,,,
375,,cde28,,,
376,11:14,zmosenq6,2022-08-25,dtavnera2,1.2
377,14:23,mmcvicker62,2023-03-06,mkemmis9v,2.3
378,19:33,dtodeo2q,2023-07-29,jyarrowqe,1.2
379,9:59,rmoffbh,2023-09-09,mcordobespo,3.9
380,,dwreathp5,,,
381,18:15,uroffm5,2024-02-13,kstoneley79,2.1
382,,kbattershalla6,,,
383,,gmallindinenl,,,
384,,tdriuzzify,,,
385,,kcashley48,,,
386,,zcaukill1y,,,
387,13:56,emapisn2,2023-11-18,jbrewino8,2.7
388,10:45,egiddy71,2022-08-09,zmosenq6,4.8
389,16:11,lshakeshaft8n,2023-07-30,rianitti6v,1.6
390,21:03,jgoulborneo0,2024-05-28,bsnare1a,3.3
391,11:08,estenningdn,2023-03-27,dwomackkq,1.8
392,17:48,hwoodnuttcx,2023-08-12,lflacknellmx,3.1
393,14:59,lgibbett8t,2023-10-10,dinmanjq,2.1
394,,jdibner7o,,,
395,13:09,lwolfartm9,2023-11-10,ithowlessat,3.0
396,,jmcmennumkc,,,
397,,zoxboroughed,,,
398,15:11,jwinsonmy,2022-11-23,ecapinettik0,1.3
399,,bgrierson9r,,,
400,,ltreenja,,,
401,13:40,mchesnutjs,2023-05-20,jbulstrode8d,4.6
402,19:09,hillesley9g,2023-09-23,srolyg0,1.3
403,10:54,ithowlessat,2023-09-10,esillis53,2.1
404,11:38,jbulstrode8d,2022-10-29,ecorbycm,2.0
405,,bmcglashan15,,,
406,,vdusti7,,,
407,,pmattiassigx,,,
408,,rpoateb4,,,
409,13:07,dkaman5n,2024-04-12,bacedoow,4.4
410,,dhefner14,,,
411,10:32,hdryburghq0,2022-10-11,bthreader6z,2.7
412,17:50,ecorbycm,2024-06-15,akuhndd,3.4
413,10:37,jpreshawgf,2022-08-24,bconti8z,1.6
414,12:51,dscopesn6,2023-08-07,akryszka3,5.0
415,19:38,davramovitzdr,2023-08-24,cmcclure4s,2.6
416,,jbrewino8,,,
417,19:43,fbehnecken86,2023-10-24,jlegertonk8,4.7
418,20:17,mmerwedefr,2023-06-16,rsidneyb2,1.7
419,18:11,ncainsnd,2023-02-18,kmorrelcc,3.6
420,,jkaindlka,,,
421,12:37,amccolley42,2022-11-06,theismanb7,1.5
422,,amcshea8k,,,
423,10:13,gbinden6s,2023-12-15,ytweed2c,2.5
424,,earnautbq,,,
425,18:09,awadesonk,2024-02-07,cde28,1.4
426,,bgeevesi3,,,
427,19:01,jsimmoniteeo,2023-09-29,hdryburghq0,2.0
428,19:37,rramsbotham7g,2023-10-27,cdurbinpa,3.3
429,,sburnittqy,,,
430,9:43,wnoultonf8,2023-07-17,pgorussoez,2.0
431,9:38,cfilipychevf0,2022-11-04,cnuzzettih1,3.4
432,15:00,jkosel5,2023-07-04,igoldneyqi,1.7
433,11:53,sseymerrr,2024-01-29,dremerfw,3.8
434,,bstorerc8,,,
435,,jdugdale2t,,,
436,12:05,eokielt7j,2024-05-20,lconn6w,2.3
437,,ctriggse3,,,
438,11:14,ltreenja,2023-06-18,ageorgius5b,2.0
439,10:13,sphillisql,2024-03-13,ntanderj1,3.1
440,,bsmewingf6,,,
441,20:00,cvoycer6,2023-06-04,kreilingbd,3.7
442,,jkondrat90,,,
443,,fkuhnwalddg,,,
444,17:05,emedlicottfo,2023-05-07,mgoodburbx,3.9
445,13:13,lgroveli,2022-11-05,jvallentina1,2.5
446,,clittlefairh3,,,
447,12:31,alangshaw43,2023-07-09,ffrayling9m,2.6
448,,mcrossthwaite46,,,
449,,jgrzelczyk4j,,,
450,,cfulbrookdc,,,
451,,wnoultonf8,,,
452,16:10,cadamo1n,2024-01-20,akanter94,3.5
453,13:13,lshakeshaft8n,2024-06-22,bhebditchl6,2.9
454,20:04,ageane51,2023-02-21,kmoaklerbb,3.5
455,,nhenaughancs,,,
456,13:10,blegendrelo,2023-04-07,mfairheadfi,3.0
457,14:30,mtrymek2,2023-01-22,ahuertaal,3.5
458,9:11,bvaldeskz,2023-03-29,ttompkissrj,2.6
459,,mfifieldhc,,,
460,11:49,tdunanqn,2024-01-13,bfugere74,3.9
461,21:57,jhilleyie,2023-01-19,tpeabodygq,2.6
462,18:25,pgimbrettoi,2022-08-20,ajerredpl,3.3
463,,egiddy71,,,
464,,mmarchf1,,,
465,16:31,gmcmorranar,2022-09-18,emahoodps,4.5
466,,npoupard4o,,,
467,16:40,moluney7x,2023-04-22,bguestem8,2.9
468,,mcashleybk,,,
469,9:19,jbulstrode8d,2023-03-28,mkemmis9v,2.9
470,16:51,lgilffillandn4,2023-12-21,srainville3p,1.5
471,,ppechard6f,,,
472,,gocklinea,,,
473,10:19,thusselbeei5,2023-08-24,gconlaund76,3.3
474,16:19,zdulaked2,2024-02-25,dcampellij3,2.4
475,14:20,lheimsni,2023-06-27,clittlefairh3,3.8
476,,nhumphreyjz,,,
477,,bperinr7,,,
478,,vshatliffqd,,,
479,,wgiacomuzzies,,,
480,17:39,awadesonk,2024-01-30,wdedx,3.9
481,19:43,pmantripp2,2023-04-11,iokeaveny9k,2.2
482,,iphysick3m,,,
483,16:03,srentelllbt,2023-01-22,zcaukill1y,4.1
484,,kbandeyg1,,,
485,,dwestover9x,,,
486,19:37,eruddochqb,2023-08-14,ndevas5t,4.2
487,,jiacofokx,,,
488,19:34,kmoaklerbb,2023-07-31,dastupenas98,3.1
489,15:21,aallicockip,2023-10-04,irosenstiellu,4.9
490,11:23,bsnare1a,2024-06-26,staffrey4u,4.6
491,21:57,alowyqm,2024-03-28,dhullettdq,1.1
492,,jgoldsteroj,,,
493,12:33,fhodjettsoo,2023-01-27,csterndale26,4.3
494,10:29,ogramerhu,2023-11-07,bcoulterqu,3.1
495,12:44,cfurtadopr,2024-06-24,wburnhamiy,3.3
496,,qloadsman4v,,,
497,,mchadbournep,,,
498,,dinmanjq,,,
499,,ycamocke5y,,,
500,,bshellidayce,,,
501,12:15,hdumbarton6y,2023-07-02,vringe4e,1.8
502,9:17,cmattson3q,2022-11-01,atrewhella5d,1.5
503,,fhenaughan61,,,
504,,kdanilovitchh6,,,
505,,ttompkissrj,,,
506,13:25,mdaltonqa,2024-02-17,bsackermt,4.6
507,12:54,kpadell3z,2023-07-08,rquinnellhe,4.9
508,20:25,opaurd9,2022-08-16,abaldir4,4.9
509,11:57,vdowyerh7,2023-12-12,bmellingspi,1.4
510,11:06,acroshaw19,2024-02-27,droughte1,1.8
511,,hmalenfant7l,,,
512,9:46,eciepluchd3,2022-10-23,omanoch2l,3.1
513,,mbarbrook7d,,,
514,,agullickhm,,,
515,13:36,asewallq7,2022-08-31,bglowachfq,4.3
516,18:00,nbotcherbyh5,2022-11-08,mfairheadfi,2.1
517,16:05,wwaadenburgmh,2022-10-15,hgidney9p,2.2
518,13:27,ijinkine7,2022-08-25,lmaurole,3.7
519,,cstuddardla,,,
520,,tpeabodygq,,,
521,,bgrierson9r,,,
522,,nelldred7i,,,
523,,aelflainp4,,,
524,20:54,gdellgj,2024-01-24,wdadamo8e,4.5
525,,isigginsme,,,
526,,valaboneae,,,
527,,alowyqm,,,
528,19:15,lsouthwoodgh,2024-05-17,ckindleydu,4.8
529,14:49,pdulinty8j,2024-02-12,gcrone9j,1.7
530,,kyitshakox,,,
531,,ssabin2p,,,
532,,cbodechon63,,,
533,13:34,paskwithma,2022-11-26,cwisammb,3.7
534,10:19,cpooly3b,2023-06-20,eimpletonri,3.9
535,18:21,mgrammerpz,2023-08-07,hdumbarton6y,3.6
536,11:03,wdedx,2024-06-23,ptoop5s,3.4
537,13:52,pquinnellir,2022-11-08,astoneham3g,1.3
538,20:51,mrivard4w,2022-11-12,csharpling1j,2.7
539,18:45,afarfoot6,2024-01-11,ccummineau,4.5
540,,mdahler8u,,,
541,,cbelhommei8,,,
542,19:25,afigurskip8,2024-05-11,ablundelloq,4.2
543,20:13,lgunstonenp,2024-01-21,cerratto1,2.4
544,20:06,nmaccardek,2022-10-14,azanussiipx,2.4
545,,hstolzic,,,
546,19:21,agiacobbonm,2022-10-05,bbalffyelz,4.9
547,,mcordobespo,,,
548,21:21,clittlefairh3,2022-09-09,jmedwellly,1.2
549,,hdryburghq0,,,
550,20:59,bgeevesi3,2022-11-19,jcain22,4.4
551,10:47,kharbachfg,2024-04-13,pottewill2h,2.4
552,,kgherardelligv,,,
553,21:34,hshallownv,2022-12-24,cgeertsen4c,4.9
554,20:27,lgibbett8t,2023-03-21,gbinden6s,3.6
555,,agullickhm,,,
556,,sbatterham7h,,,
557,9:23,btaggartas,2023-10-08,dnorthage18,4.1
558,,ijinkine7,,,
559,16:32,mpennuzzio6,2023-10-18,jgoulborneo0,2.3
560,,sgattya5,,,
561,10:12,mprendivillege,2022-08-12,gmcronald99,4.3
562,,jvinerlb,,,
563,10:50,agiacobbonm,2023-01-30,alowyqm,3.0
564,11:15,ecutresscr,2023-12-31,anewloveeb,3.4
565,20:59,dfullagarjf,2022-10-17,ljakubovitchb6,3.5
566,15:55,bperinr7,2023-01-12,isigginsme,3.1
567,,amclardieev,,,
568,20:39,lfieldencd,2024-05-16,hgrewead,1.7
569,17:36,dhefner14,2023-10-29,aconochieqk,3.0
570,,zneyns,,,
571,,tfoxley6c,,,
572,,mguinnessiw,,,
573,20:41,isigginsme,2023-12-29,mtideswellw,1.9
574,19:11,ccrassweller96,2023-09-22,jsimmoniteeo,4.5
575,9:09,rwinterburn9e,2023-02-20,xfavelaml,3.5
576,12:23,blegendrelo,2024-06-09,kguisecp,2.1
577,,amccolley42,,,
578,,nmoreyn5,,,
579,18:14,ncroysdaleer,2024-02-23,mfifieldhc,3.2
580,,cvalentettik7,,,
581,,esiaspinski20,,,
582,21:02,ppoolyrn,2023-06-05,ecorbycm,2.4
583,,sol3,,,
584,,fjurczikbr,,,
585,,ncunnington59,,,
586,21:39,alowyqm,2024-03-19,wdedx,2.1
587,17:46,srolyg0,2023-04-29,dklimus5k,2.0
588,,kwhorallkm,,,
589,17:11,jdugdale2t,2023-12-11,zgotheraq,4.9
590,12:47,jwoolandcl,2023-08-08,gdmitrienkorl,1.4
591,12:42,mcashleybk,2023-07-15,dlembrickn8,3.3
592,12:30,cjobeyne,2022-08-22,kanthoine5,3.8
593,9:38,slamplughhx,2022-11-04,jkeersik,1.7
594,,spalingd1,,,
595,19:19,bfugere74,2023-11-08,dbresnahan45,4.5
596,10:02,cadamo1n,2022-10-05,twetherby6j,2.6
597,21:18,chabbershon95,2023-03-26,mkemmis9v,2.1
598,,asidworth32,,,
599,,nrotlauf3o,,,
600,15:07,ptrevainscj,2023-07-21,tbakhrushinn,3.7
601,,koherlihyou,,,
602,17:56,myankishinex,2023-09-21,keykelboschhj,1.6
603,13:15,dregelouslg,2023-03-01,ehiscokegu,3.7
604,21:17,daysh87,2023-06-18,scastilljoq9,4.4
605,,bglowachfq,,,
606,,rbeebisan,,,
607,19:29,nnorkettfs,2022-10-31,afarfoot6,1.4
608,10:13,ghaseldine9i,2024-06-17,fmewharf,1.4
609,16:35,srackstrawqq,2022-11-09,dlandells4m,4.9
610,,fskelding5r,,,
611,,lgroveli,,,
612,14:09,mroddick5f,2023-02-16,nelldred7i,2.8
613,21:18,mjimpsonkn,2024-03-14,dlindstromci,4.1
614,11:30,hdumbarton6y,2023-08-24,jsignorellij8,1.2
615,14:46,zmarttil,2023-03-02,pgerardetc5,4.4
616,,mmarchf1,,,
617,,tannearjj,,,
618,,dlammertav,,,
619,,gfarleyh4,,,
620,15:09,dklimus5k,2023-05-08,cskalaif,4.1
621,,fmewharf,,,
622,,jholdron5p,,,
623,,mjoffe25,,,
624,15:12,lphonixk6,2023-04-23,zdulaked2,1.9
625,13:40,ltreenja,2023-10-19,sdraycottd5,3.9
626,18:47,dgummarym2,2023-08-17,soldfieldcherry0,2.4
627,21:59,asuller7t,2024-04-27,jcranmorelx,1.6
628,21:36,erandle4n,2023-03-25,hjedrasiklf,1.5
629,,mfifieldhc,,,
630,,ediggens12,,,
631,,sbrockpn,,,
632,20:34,hthoriusnc,2024-06-19,nleaoh,2.6
633,19:42,dstillyj9,2022-08-16,mlongfutpe,3.1
634,13:16,zknyvettv,2022-11-17,kgrummitt7v,4.2
635,,amilnefb,,,
636,,kbandeyg1,,,
637,9:54,jsimmoniteeo,2023-05-13,amclardieev,3.6
638,12:25,bstonierpv,2024-05-06,tsugarsei,2.3
639,,aneilus5o,,,
640,,mcarlylex,,,
641,,fcorryerng,,,
642,,tjephsonki,,,
643,18:24,mantonomoli2s,2023-12-28,jlyonsrb,3.3
644,,rbarbosa10,,,
645,,fdunabie8r,,,
646,20:53,jjaine6m,2023-07-14,hcastanerhl,1.8
647,15:10,dkaman5n,2022-09-05,vforshawo5,1.4
648,20:11,nkemble3i,2023-03-31,jgrzelczyk4j,1.6
649,,irosenstiellu,,,
650,18:35,kbarthorpe31,2022-10-20,elandallaj,1.9
651,,carendsaw,,,
652,,sduxbarry1x,,,
653,,nkemble3i,,,
654,11:16,marnoudcz,2023-05-03,mprendivillege,3.4
655,15:24,ytweed2c,2022-09-07,vrileyg5,2.8
656,,ggatteridgeds,,,
657,16:20,hdumbarton6y,2023-04-25,mrivard4w,2.4
658,,hfosdykekv,,,
659,,glimpertzpq,,,
660,11:49,wgiovanazzinj,2023-07-19,fbehnecken86,3.6
661,,dfiguraa3,,,
662,,kbandeyg1,,,
663,,atitheridgeo2,,,
664,10:25,kkneeshaf2,2023-06-23,fkuhnwalddg,4.7
665,18:53,etonkinaa,2023-12-09,amcshea8k,1.4
666,,fdunabie8r,,,
667,12:46,gvalanceix,2023-05-11,theismanb7,3.9
668,,tpiresq4,,,
669,16:19,alutwycheee,2023-04-15,dfochcu,3.9
670,,adelmontiln,,,
671,,ckindleydu,,,
672,13:14,mlongfutpe,2023-04-12,jwoolandcl,2.5
673,9:11,gvanh8,2023-11-29,mscritchrd,3.7
674,13:32,jyarrowqe,2022-11-05,dollertonht,4.9
675,15:52,bmellingspi,2024-04-03,rmoffbh,1.1
676,9:24,mcarlick9h,2022-11-06,ldysertpy,4.1
677,,pbellohi,,,
678,,mrivard4w,,,
679,,dginnkd,,,
680,13:17,dbonassro,2022-08-31,rrasellj5,4.9
681,21:15,abottomsgz,2024-02-11,msandell47,1.9
682,,jklimeckib0,,,
683,,cohrt88,,,
684,18:15,emcgivena4x,2023-07-16,anovis5l,3.2
685,,fmailese0,,,
686,,jholdron5p,,,
687,12:34,thazemanos,2023-03-29,akrierf5,4.4
688,,posborne9l,,,
689,13:36,erandalesku,2023-07-31,sbrockpn,1.3
690,20:37,lspellicy91,2023-07-23,isigginsme,2.9
691,10:07,tsturgesi2,2023-04-07,ncainsnd,4.3
692,10:36,jcranmorelx,2024-06-21,niacovielloem,2.5
693,,wglader44,,,
694,,jlegertonk8,,,
695,,ababinp1,,,
696,13:58,dwomackkq,2023-07-26,gdripp8g,2.1
697,,rbonn13,,,
698,,rismead7u,,,
699,9:05,mchesnutjs,2024-05-13,ljukesak,4.4
700,,jironsnt,,,
701,,rruilton6p,,,
702,13:34,cwoolastondy,2022-09-16,jbroadispp,1.4
703,18:16,cminett9n,2023-09-08,mgrammerpz,3.0
704,,eshowlerna,,,
705,11:26,cjoddens75,2024-03-02,kcollifordeg,3.5
706,,mchadbournep,,,
707,21:26,nkemble3i,2023-08-22,agullickhm,3.1
708,14:19,dtodeo2q,2022-08-13,mbrazgw,1.3
709,18:57,mmcluckieqg,2023-12-05,cvoycer6,3.1
710,9:17,dbonassro,2022-09-06,cskalaif,3.5
711,,hsneezumbm,,,
712,20:58,jfilipovjn,2023-05-27,tsturgesi2,1.4
713,,sbatterham7h,,,
714,12:55,kiacobuccip0,2023-08-01,cseverwright6k,1.7
715,20:53,sbeetlesab,2023-06-16,asighard4g,2.2
716,,bglowachfq,,,
717,,dtavnera2,,,
718,19:21,wcopnall7f,2023-02-08,rramsbotham7g,2.8
719,,mstatono9,,,
720,14:22,eciepluchd3,2022-08-11,cnorvalf4,3.5
721,11:12,rsallingermp,2022-12-18,ebutfieldmu,2.1
722,20:21,davramovitzdr,2023-09-17,asewallq7,2.2
723,12:49,hthoriusnc,2022-11-09,ptaborfv,3.0
724,,ceshelbyfd,,,
725,20:55,rwinterburn9e,2022-08-11,gconlaund76,1.7
726,14:31,adumpletonjk,2024-06-14,norwinij,2.9
727,15:16,ltreenja,2023-04-21,ksimoncelli36,4.6
728,,aclaibourndt,,,
729,18:14,lhuard55,2022-12-05,bsmewingf6,1.2
730,11:24,kchamft,2023-03-25,candriulisot,1.2
731,18:47,gbinden6s,2022-09-17,mstatono9,4.8
732,12:00,rearengeyca,2022-09-29,dtavnera2,1.1
733,12:47,fmendenhallkt,2024-02-07,bcalveykw,2.8
734,,rbonn13,,,
735,,efearea4,,,
736,,atrewhella5d,,,
737,,jsimmoniteeo,,,
738,,mroddick5f,,,
739,11:00,afigurskip8,2024-06-22,jdonnelly17,1.8
740,18:31,rrasellj5,2023-07-18,mtideswellw,4.7
741,14:50,abracciac,2023-04-03,mhartshorn6x,3.6
742,17:47,sgodwin49,2023-07-22,nstillmann3s,3.2
743,,lleidlq,,,
744,,cfilipychevf0,,,
745,15:42,lbarr2u,2024-02-20,hdumbarton6y,4.6
746,,cskalaif,,,
747,,hfosdykekv,,,
748,,jhilleyie,,,
749,13:52,eiacovaccioe6,2024-05-15,scurran3x,3.0
750,9:19,sidaha,2023-08-23,jduddellay,3.4
751,18:43,ttompkissrj,2023-12-28,cminett9n,5.0
752,9:38,jseelbachfx,2022-12-22,jklimeckib0,2.6
753,,ptrevainscj,,,
754,,kkneeshaf2,,,
755,,cvalentettik7,,,
756,,lwickwarep,,,
757,17:36,dluna16,2024-01-15,cbelhommei8,1.6
758,,hwoodnuttcx,,,
759,,kcrinagefm,,,
760,10:05,smouatt78,2024-04-25,dklimus5k,2.9
761,,npoupard4o,,,
762,12:58,mpentonydv,2023-09-17,lkiddyeo7,2.0
763,13:56,zdulaked2,2023-10-04,kcollifordeg,1.4
764,16:49,ehembrycw,2023-01-04,kmorrelcc,1.3
765,,cokeenanoe,,,
766,11:40,jitzkovich8,2023-12-02,bsell72,2.9
767,18:02,bsnare1a,2024-02-21,vrileyg5,4.5
768,17:16,fstickles3u,2023-08-28,jbulleneq3,2.2
769,,ctiller3j,,,
770,11:50,codwyerjw,2023-02-14,bchasier6r,3.3
771,,abaldir4,,,
772,,mmacaskief,,,
773,20:08,kguisecp,2023-08-24,mwylliskf,3.9
774,,gleser3n,,,
775,9:47,ntanderj1,2024-05-30,lwalch3c,2.9
776,,pworsomo4,,,
777,19:52,dscopesn6,2023-03-01,jjimefh,3.5
778,,nfoyle9c,,,
779,19:30,bmurfettc6,2023-01-12,mbirtwellju,2.9
780,17:11,pgosswellgp,2022-12-13,aconboyiu,2.7
781,,aeweni9,,,
782,20:59,ndevas5t,2024-01-06,ctriggse3,1.1
783,,dlindstromci,,,
784,,swolfinger5m,,,
785,,pmantripp2,,,
786,13:31,zswanner0,2024-03-08,jwaistalldi,2.6
787,,aoregan41,,,
788,,mlipson5h,,,
789,,atrewhella5d,,,
790,,fgolyy,,,
791,,bcoulterqu,,,
792,,zoxboroughed,,,
793,,sduxbarry1x,,,
794,19:28,eruddochqb,2023-08-01,emapisn2,3.8
795,,vpflieger27,,,
796,11:50,mjeffryesky,2023-08-11,kbeswell5a,3.9
797,,jkeersik,,,
798,,jhammerich9o,,,
799,,ismy82,,,
800,14:16,fdummettis,2023-03-29,ppoolyrn,4.6
801,,bhousbieqh,,,
802,13:22,sharriottl,2023-01-10,earnautbq,1.5
803,14:16,marnoudcz,2023-05-26,aferranah,2.4
804,,tmatushenkomv,,,
805,21:04,ahuertaal,2023-02-27,rrasellj5,2.5
806,21:21,sjorez2m,2023-02-22,wglader44,1.5
807,16:42,pbellohi,2023-03-17,ageane51,1.9
808,,nmalehamgi,,,
809,,tghelardonils,,,
810,,jkaindlka,,,
811,,ntatnella0,,,
812,,aclaibourndt,,,
813,16:25,abramall1k,2022-10-05,lflacknellmx,4.8
814,12:20,aconaboyb9,2023-04-01,dgummarym2,3.0
815,20:17,ttompkissrj,2023-11-07,cerratto1,4.9
816,,hforriq2,,,
817,16:06,bpenticosthy,2022-11-06,bdenisevichm1,1.9
818,20:38,cespinay9u,2024-05-07,dollertonht,1.8
819,16:01,dlehenmannnr,2024-06-29,kbeswell5a,3.9
820,,nelldred7i,,,
821,12:11,jdevanny6a,2023-07-21,bchasier6r,2.0
822,13:36,rglidden2g,2023-03-10,csteedman7r,3.6
823,,bbalffyelz,,,
824,18:46,zkroonob,2022-10-15,kyitshakox,4.5
825,14:45,tdunanqn,2024-02-11,obance4,1.2
826,,gfranklen4r,,,
827,,ppoolyrn,,,
828,16:25,dtavnera2,2022-11-14,rquinnellhe,1.4
829,13:56,ajudkinm4,2022-10-17,ntanderj1,2.7
830,,cfarherty4p,,,
831,12:01,dmcswanms,2022-11-06,nbotcherbyh5,2.1
832,16:35,aconboyiu,2023-05-28,igibbiejx,1.6
833,13:41,ehiscokegu,2023-07-04,ytweed2c,3.1
834,,bpaynez,,,
835,15:45,dkimblymq,2023-02-23,mluthwoodgn,3.4
836,19:17,mturpin1t,2023-07-05,ndagg8b,4.9
837,16:41,lwiddowes5e,2022-12-15,vringe4e,1.2
838,,cvedenyapinc,,,
839,,jkosel5,,,
840,21:01,mluthwoodgn,2023-07-16,lbingallkj,4.7
841,,rruilton6p,,,
842,12:08,mmacaskief,2022-12-27,jjimefh,4.8
843,21:15,rwealehr,2023-01-15,irosenstiellu,1.4
844,17:01,amurchqp,2023-08-09,sshillabearr,3.3
845,19:14,mbeese21,2023-10-22,sduxbarry1x,1.8
846,,oshackeltonjm,,,
847,,tpinareu,,,
848,13:57,slamplughhx,2024-02-02,rbeebisan,2.2
849,,nrowanlj,,,
850,21:06,mwhitty35,2022-11-06,mmcluckieqg,2.6
851,,jkosel5,,,
852,18:39,cadamo1n,2023-10-07,lstandingap,3.4
853,,lflacknellmx,,,
854,13:57,nnorkettfs,2022-11-15,mprobyn66,2.0
855,,msadgroveai,,,
856,19:22,dbard3d,2024-02-23,dhullettdq,4.8
857,,pvizef3,,,
858,,srainville3p,,,
859,,ccrennanmz,,,
860,13:39,acolleckrq,2023-09-07,rsyrattcb,4.7
861,,mmerwedefr,,,
862,13:10,kstoneley79,2023-06-28,jhassanby,2.7
863,,edidball5g,,,
864,12:07,springleyam,2024-04-12,iphysick3m,3.3
865,19:47,pgorussoez,2023-03-18,etompsett7p,4.2
866,13:44,zoxboroughed,2024-04-16,gdellgj,1.6
867,12:00,zneyns,2022-12-29,ntatnella0,4.4
868,20:17,pdillingstonpt,2023-07-13,ohuggonsg,1.7
869,,egrimwadeao,,,
870,,staffrey4u,,,
871,,fmendenhallkt,,,
872,11:18,niacovielloem,2023-08-13,bgrierson9r,4.4
873,,cstuddardla,,,
874,14:53,ntanderj1,2024-06-09,rmeelandqj,4.3
875,,amclardieev,,,
876,,sbeetlesab,,,
877,18:47,bcoulterqu,2023-01-30,mdaltonqa,3.2
878,10:17,lkanwell3r,2022-10-20,hgriersongm,1.8
879,,mfifieldhc,,,
880,,sshillabearr,,,
881,,rallertongy,,,
882,,dollertonht,,,
883,19:03,jholdron5p,2023-06-17,kbeswell5a,2.8
884,,jkeersik,,,
885,12:23,daysh87,2023-12-03,drecher8o,1.3
886,10:52,kgrummitt7v,2023-03-21,mmerwedefr,3.8
887,16:22,bglowachfq,2024-04-11,ghawseaz,4.4
888,18:59,cdurbinpa,2022-11-23,bduggary6g,1.4
889,,fhovelqv,,,
890,10:46,gpownallej,2022-11-27,wtitcombqc,3.1
891,,gdablinghn,,,
892,,aconochieqk,,,
893,,jminichillo8f,,,
894,,eberthqo,,,
895,18:43,obance4,2023-04-24,jgoulborneo0,1.4
896,11:11,acortinho,2023-02-18,esimonetonbw,1.3
897,,zknyvettv,,,
898,,mbirtwellju,,,
899,,rwealehr,,,
900,,wcopnall7f,,,
901,,dhounsom7n,,,
902,11:27,mlongfutpe,2022-12-04,adriffilldo,3.1
903,17:46,cjovasevic39,2023-08-19,cbutlin11,1.0
904,,bglowachfq,,,
905,19:41,bpaynez,2023-01-17,aralphfn,2.0
906,,daysh87,,,
907,,ahuertaal,,,
908,,zbillingspm,,,
909,,mstatono9,,,
910,,mjeffryesky,,,
911,,awiles7q,,,
912,12:06,ecorbycm,2023-11-26,droughte1,4.2
913,11:39,ccrossan8y,2023-05-28,ecauleyit,2.7
914,17:50,mshyresdj,2023-03-10,scarlsonl5,2.2
915,12:14,soldmangb,2024-06-20,gcrone9j,2.8
916,,wdedx,,,
917,17:05,tdeemingm7,2023-03-03,ycarnsonjc,3.7
918,,sfawdriebl,,,
919,,astoneham3g,,,
920,,tjephsonki,,,
921,18:33,jgoulborneo0,2023-02-24,abinfordax,3.3
922,16:38,pdimitrovga,2024-05-15,gmccloym,1.8
923,18:59,cfarherty4p,2023-04-04,bmcglashan15,3.0
924,20:30,ncroysdaleer,2023-09-24,ecorbycm,4.9
925,,zkroonob,,,
926,17:14,lgroveli,2024-03-09,jdect,1.8
927,,njoinsey2z,,,
928,10:51,sidaha,2023-11-23,cokeenanoe,4.9
929,13:10,hmatthiesen81,2024-06-06,msadgroveai,1.7
930,21:58,jgoldsteroj,2024-05-25,dlong1u,4.0
931,11:51,pgosswellgp,2024-03-24,emapisn2,3.3
932,17:05,gcrone9j,2022-10-04,rskoggins8i,2.7
933,20:26,afarfoot6,2023-08-29,kcollifordeg,2.0
934,,dlindstromci,,,
935,12:40,mheaslyia,2023-04-09,wrozenzweigj4,1.5
936,,lbalmanngs,,,
937,,lgallardod7,,,
938,,thusselbeei5,,,
939,,xfavelaml,,,
940,,qsparker3,,,
941,13:44,wcopnall7f,2023-02-04,sgodwin49,2.4
942,16:38,ccrassweller96,2024-03-08,jtodman3w,2.6
943,20:57,lkiddyeo7,2023-08-26,bmulcaster9w,3.9
944,21:33,alutwycheee,2023-02-27,mganiclef1i,1.9
945,13:47,dregelouslg,2022-12-15,lphonixk6,1.2
946,19:13,vjuden9t,2024-03-28,aconochieqk,3.7
947,17:13,vmarchbankmn,2024-06-16,acolleckrq,3.5
948,,mbirtwellju,,,
949,,mdymentlr,,,
950,,eimpletonri,,,
951,18:03,sgiovannoni6q,2024-05-11,jcausnettbz,2.6
952,20:13,gruf9a,2024-03-14,dstillyj9,1.4
953,10:48,iokeaveny9k,2022-08-24,abinfordax,1.4
954,,nrotlauf3o,,,
955,18:34,ehiscokegu,2023-07-28,swoolcockskp,2.6
956,,akuhndd,,,
957,,jbulstrode8d,,,
958,,swillarton29,,,
959,,mstuthb,,,
960,12:40,trentcomeba,2022-12-11,theismanb7,4.9
961,,rhrinchishin7s,,,
962,21:45,lheimsni,2023-05-30,jminichillo8f,4.5
963,,cgeertsen4c,,,
964,21:11,clittlefairh3,2022-09-10,pmarwicki0,1.1
965,,zkroonob,,,
966,,mganiclef1i,,,
967,11:53,jlugard70,2023-01-07,cbodechon63,2.2
968,,kiacobuccip0,,,
969,13:06,mprendivillege,2023-09-16,kblader4b,1.2
970,18:10,scastilljoq9,2023-09-30,fmewharf,2.9
971,,dbresnahan45,,,
972,,tfoxley6c,,,
973,20:17,ihugo1r,2023-10-28,kbattershalla6,1.8
974,20:15,fmailese0,2022-09-01,hgodwinfc,2.4
975,15:35,emedlicottfo,2022-08-20,lhuard55,1.0
976,,mjornnq,,,
977,15:33,acortinho,2024-02-13,jlyonsrb,3.7
978,10:43,ashewring8l,2024-06-15,jkosel5,1.8
979,,eruddochqb,,,
980,,ahonischa,,,
981,,kgreiser3f,,,
982,20:01,cwoolastondy,2023-09-25,bmcglashan15,1.1
983,,gfranklen4r,,,
984,,asidebotham24,,,
985,,dashbrookmi,,,
986,16:46,mheaslyia,2023-09-09,nnorkettfs,2.1
987,,bduggary6g,,,
988,,dledgertonhz,,,
989,15:49,htroodt,2023-04-01,tlyfieldc1,4.8
990,19:50,mkemmis9v,2022-12-04,kolekhov5v,2.1
991,19:32,bfrostdyke2v,2023-08-08,jkaindlka,4.3
992,10:39,alemanubg,2023-10-25,chabbershon95,4.6
993,,mmcluckieqg,,,
994,12:29,akrierf5,2023-11-05,gnunesdp,4.5
995,,astruys56,,,
996,18:23,dbrooksonmk,2023-01-07,mverdy4f,4.6
997,17:57,emooresbj,2023-03-22,rianitti6v,3.9
998,19:04,jgrzelczyk4j,2023-01-29,alutwycheee,4.2
999,,kgrummitt7v,,,
1000,,kcrinagefm,,,
