username,fullname,password
soldfieldcherry0,Smitty Oldfield-Cherry,PPy3p692b6p
ppoure1,Patric Poure,oGBwWm9s8CbT
pmantripp2,Palmer Mantripp,5oQ75M35Jx
akryszka3,Alva Kryszka,kxECbdoWj8
obance4,Onofredo Bance,FIIUTZXPlU
jkosel5,Jandy Kosel,CLNflGS8Sxoa
afarfoot6,Aleen Farfoot,nUinbTZR
nluckham7,Niko Luckham,JDIOFbgz
jitzkovich8,Joan Itzkovich,Q3QgAaaS5
dwintringham9,Delly Wintringham,yUv7xMl5JYKa
ahonischa,Arvie Honisch,KEjYMUxcP46t
iteulierb,Inga Teulier,rYxMd3k
cvedenyapinc,Curr Vedenyapin,aBN1cIVw
gsisleyd,Gerty Sisley,qrQ4Dw94RNxG
lfoche,Lowell Foch,AnmiQrtK
mmacaskief,Maurise MacAskie,UR9sYIbC6PB0
ohuggonsg,Obidiah Huggons,Hr4tCZBpp
bbentallh,Bili Bentall,5ixHMauOl
mboxei,Mic Boxe,tMuOzhwdL
acastanerj,Audrey Castaner,a1hGaLQtO
awadesonk,Aylmer Wadeson,iz5Cs7z
sharriottl,Sarina Harriott,hDH0kvu31R
gmccloym,Giorgio McCloy,TxZ2ER7
tbakhrushinn,Tedra Bakhrushin,oAoYwtDZoQQ
lberaneko,Leonora Beranek,h3KQ9tOqK6U
mchadbournep,Maximilianus Chadbourne,aEtRYWO8
lleidlq,Leonard Leidl,TMLC5K5d2
sshillabearr,Solomon Shillabear,YCpcvUh
hcurnows,Humfried Curnow,vKQjBxWG
htroodt,Herschel Trood,8aMmVG0
tpinareu,Tomlin Pinare,wpOdiQ
zknyvettv,Zena Knyvett,RMrMvuRdVr
mtideswellw,Moises Tideswell,cP0lG7
mcarlylex,Maxim Carlyle,mnvJ7xv6
fgolyy,Fanny Goly,nMvw4p
bpaynez,Bari Payne,ergbpzvcs
rbarbosa10,Roley Barbosa,ZJKMNmjSL
cbutlin11,Corby Butlin,9ujUhrh8yt5F
ediggens12,Editha Diggens,NRcDKAwY
rbonn13,Romeo Bonn,DRzjeWw679or
dhefner14,Devora Hefner,EvCqRYg9Gt
bmcglashan15,Barde McGlashan,U7oPxN7cvy
dluna16,Dacia Luna,diwovPWvL4
jdonnelly17,Jdavie Donnelly,AldUaY4B
dnorthage18,Diann Northage,fE2XYm
acroshaw19,Alix Croshaw,MCbBcFv
bsnare1a,Byram Snare,Iy1OacVf
rcoldwell1b,Rad Coldwell,kUiPwjwFzWXK
lonn1c,Lilly Onn,PAbo9BIFG
ksunshine1d,Karine Sunshine,JrvFNsFYD
twilles1e,Trisha Willes,UTSMvjuc4s4R
hwhittleton1f,Homer Whittleton,lUCwL2
amaffeo1g,Alec Maffeo,PIiNqs4Hsrp
sphillpot1h,Selig Phillpot,a22EUBdaWPL
mganiclef1i,Maxie Ganiclef,RNk8zfFusd
csharpling1j,Clair Sharpling,1kF6ptqcRQ
abramall1k,Amara Bramall,XkEbssGt
jrentilll1l,Josephina Rentilll,19MeZ5
apagitt1m,Alaric Pagitt,XUNT4ty
cadamo1n,Cinnamon Adamo,8hnVl1yX5
bpeepall1o,Brandi Peepall,N7OEgs2C1fV
aisaksen1p,Adams Isaksen,HpyTtXa4xd5
hspeachley1q,Hamlen Speachley,S4PtdPWTYOhV
ihugo1r,Itch Hugo,7Rv2hthK
mwinsiowiecki1s,Marcello Winsiowiecki,KTWndNwM
mturpin1t,Mohammed Turpin,JCYT3RXW
dlong1u,Don Long,2UGPAFtqFq
byushkin1v,Bevvy Yushkin,IoP7p6ms
wmorrieson1w,Worden Morrieson,GDR0AMzx5q
sduxbarry1x,Silvester Duxbarry,sFaH0DFFyZO
zcaukill1y,Zachary Caukill,WjjdmM2
calsop1z,Carley Alsop,QqG4lW
esiaspinski20,Emmalynn Siaspinski,QdwRrRQvdfvs
mbeese21,Meade Beese,qfRdauqRb
jcain22,Jess Cain,1iHdS1mkCHq
sgounel23,Scarface Gounel,fIw8YBwN
asidebotham24,Augustine Sidebotham,hVgGRPKZgzDy
mjoffe25,Marven Joffe,VWeGVS
csterndale26,Clerissa Sterndale,yrXbBI
vpflieger27,Viole Pflieger,w4cqMr
cde28,Carmelina de Voiels,f5L341TNS6x
swillarton29,Saunderson Willarton,q1h4QLBDx7
jsantos2a,Johnath Santos,f5e7jpnf
mjiricka2b,Mendie Jiricka,2weOB9Vadp
ytweed2c,Yetty Tweed,DOyRkydS35
anuschke2d,Ado Nuschke,1sIy1w
mpeete2e,Marleah Peete,LZoM4G1dwB
bricard2f,Burlie Ricard,Mq1aXs
rglidden2g,Ricky Glidden,ffXCC7K7
pottewill2h,Prentiss Ottewill,oqultIweNN
elomasney2i,Engelbert Lomasney,78XSjIvP7tm
jabramcik2j,Josefa Abramcik,StctPAp
eborrow2k,Eirena Borrow,rwpIV7i0
omanoch2l,Othello Manoch,6ubEAyzI
sjorez2m,Selinda Jorez,z1oCYhemL6
msiddell2n,Maxy Siddell,TGqEyJGuH
adilliway2o,Alley Dilliway,HoburRE
ssabin2p,Shelby Sabin,wsb3DyKIvy
dtodeo2q,Dasi Todeo,eUxLHppOWKpe
atevlin2r,Arin Tevlin,XyUXwuQ
mantonomoli2s,Marcellina Antonomoli,xHXPTdBXsd
jdugdale2t,Janot Dugdale,J7kGUDtLuz8
lbarr2u,Lin Barr,0PD2mD3CeWvx
bfrostdyke2v,Bobbee Frostdyke,qM3bUn1dkC
flaurenson2w,Fee Laurenson,De56dqPFsE
cdaines2x,Cordy Daines,oqUbnq4lXM
jsapp2y,Jessy Sapp,qFVXpKiyamQY
njoinsey2z,Nehemiah Joinsey,Zsn0nU2
xbirchett30,Xenia Birchett,9J2lxqDm5F19
kbarthorpe31,Kandy Barthorpe,hIsSHpd
asidworth32,Abbott Sidworth,qGkzu0rdpmiX
dlandis33,Drusilla Landis,ktEIEf49eg
kblundan34,Kippie Blundan,2OhFbVLSZE
mwhitty35,Marjory Whitty,ksiraqRWB
ksimoncelli36,Kendall Simoncelli,RlVMzTyvd6
pantoniottii37,Paulette Antoniottii,PNqAeuPFjAJ
cgrishin38,Cherie Grishin,3gxOlT3hPca
cjovasevic39,Candra Jovasevic,ISY8x2zDt
chowlett3a,Codee Howlett,WnBEGZ
cpooly3b,Christoforo Pooly,1g4WVLG
lwalch3c,Lezlie Walch,O073k7vR
dbard3d,Danyelle Bard,mTC59nGznZKT
kedowes3e,Kennie Edowes,55ii2y
kgreiser3f,Kessia Greiser,YD6U1qADl8
astoneham3g,Andriana Stoneham,IeQkoX
dpaice3h,Danna Paice,35X493KoM
nkemble3i,Nixie Kemble,QZ5SZJ
ctiller3j,Carole Tiller,dZPthJBIh
wterry3k,Walther Terry,uhJt2bjZ
kodonnelly3l,Kailey O'Donnelly,6sDg0RPBkO
iphysick3m,Iver Physick,YWttlapO
gleser3n,Gwendolen Leser,XepwtoonI
nrotlauf3o,Norry Rotlauf,NhdVS87g9
srainville3p,Syd Rainville,haJeJ80suujv
cmattson3q,Cathy Mattson,JfdXiG2b
lkanwell3r,Lynea Kanwell,L57eyo
nstillmann3s,Nefen Stillmann,mOYAShNFQ
frentoll3t,Flore Rentoll,AAXjBZU
fstickles3u,Fiann Stickles,GumY4KdKB
rcadalleder3v,Raynell Cadalleder,KJmwivKl1P4
jtodman3w,Josey Todman,bjvMkl
scurran3x,Saraann Curran,TZ7gnY19DMJ
khennemann3y,Kamilah Hennemann,HUGHhdVemn8
kpadell3z,Konstance Padell,m6urZA
dflannery40,Darrelle Flannery,XdqacmpwgkE
aoregan41,Allison O'Regan,J7Nbi6mjb1MM
amccolley42,Abbie McColley,LZQe9qR
alangshaw43,Arlen Langshaw,QhAmzL4E
wglader44,Warden Glader,SbwkqSF1F
dbresnahan45,Dasha Bresnahan,CouLPOq8VDlE
mcrossthwaite46,Maurice Crossthwaite,fJJnigDdXL
msandell47,Morissa Sandell,vaBEVdsK6RF
kcashley48,Kary Cashley,mT3IgPF
sgodwin49,Suellen Godwin,oMM4hX
hbiggins4a,Hermine Biggins,b2aNdHLAsa1W
kblader4b,Katya Blader,gx3QIvat7uL
cgeertsen4c,Cordelie Geertsen,zst2ziu1u1I9
mgrint4d,Marchelle Grint,yFjxHRb
vringe4e,Valenka Ringe,Kx4BM5HmgspS
mverdy4f,Madelina Verdy,81W9yL77bH1
asighard4g,Austin Sighard,sAUjotG
lmacanespie4h,Law MacAnespie,weq1qY0Yf08S
ttivolier4i,Tamma Tivolier,o133xv52xMCr
jgrzelczyk4j,Jabez Grzelczyk,gqbFjR34P
stopping4k,Seth Topping,LkyWkGw
djansen4l,Dolli Jansen,L9rFyy1
dlandells4m,Devonna Landells,uHiXSDcZ7wVY
erandle4n,Errick Randle,uBVSjq
npoupard4o,Nady Poupard,OzyiqH6sshP
cfarherty4p,Christa Farherty,fAao5FIyho
tprazor4q,Tadd Prazor,mzlbYcdG0
gfranklen4r,Guglielma Franklen,9xvPtit
cmcclure4s,Connie McClure,RaXsJuki
rcaesmans4t,Renae Caesmans,0hbw88
staffrey4u,Shayna Taffrey,ggjD380WgkUR
qloadsman4v,Quinta Loadsman,S1z15Wl8N6
mrivard4w,Maurise Rivard,tFUtA0a4wki
emcgivena4x,Ethan McGivena,6OFWuVKEixw
wgogarty4y,Wit Gogarty,dV0Etdtwft1
dstollenbeck4z,Dex Stollenbeck,ADdnvmT
rpulford50,Richmound Pulford,9OwE2e95i9p
ageane51,Ariel Geane,UGIHDMw2sA
skittow52,Sherye Kittow,TaMqlPGxoa
esillis53,Ethelbert Sillis,kuS9hH7c
jwilkes54,Josh Wilkes,LO3EXp3UAe27
lhuard55,Lynsey Huard,BAuZXoj
astruys56,Adrea Struys,wUMfko
srheaume57,Skyler Rheaume,3JzUqMxNT3
kcannell58,Ker Cannell,zAsM0EAjD
ncunnington59,Nil Cunnington,fKmeTetB9h
kbeswell5a,Kip Beswell,OawPiDr5fYvP
ageorgius5b,Anabelle Georgius,zt97PaEe
ckevlin5c,Corabelle Kevlin,thIt2d
atrewhella5d,Aurelia Trewhella,QKbEcQiQkj
lwiddowes5e,Link Widdowes,V4l1fpnX27
mroddick5f,Maxie Roddick,J1Rd585
edidball5g,Eddi Didball,z3sEfaBg
mlipson5h,Miller Lipson,tNGs60pU5P
rdollman5i,Ruthann Dollman,VDZzKi6ugjU
droblin5j,Duane Roblin,19soLaEJi3A
dklimus5k,Daffi Klimus,Dl62qB
anovis5l,Athene Novis,AeFFWUqVZFo
swolfinger5m,Sonny Wolfinger,ph3YSly3f
dkaman5n,Don Kaman,7YJfIBINL
aneilus5o,Ado Neilus,kjFMZ7m5i4Q
jholdron5p,Josselyn Holdron,OgcBfhr7OvwT
cfieldsend5q,Chrisse Fieldsend,nNp3BI8kr9x5
fskelding5r,Franciskus Skelding,AgDRXq
ptoop5s,Piotr Toop,kOcJlQYbTE
ndevas5t,Natalina Devas,jq7H03gG
dscrimshaw5u,Doris Scrimshaw,L0x6kCZwLR9
kolekhov5v,Kary Olekhov,2T6by5tn
rvery5w,Rois Very,YbXBcsuBj
ssavatier5x,Sydney Savatier,cQywD7
ycamocke5y,Yuri Camocke,1n72542BlWrj
ctattoo5z,Celesta Tattoo,nfGyaQKUhqKg
pscherer60,Philis Scherer,O19OMaFrjFg
fhenaughan61,Fee Henaughan,6CwtSiV
mmcvicker62,Meir McVicker,BipxHqFuV
cbodechon63,Cam Bodechon,jX5P9f
spennaman64,Sylvester Pennaman,0wJ0fm5k
njeffers65,Naoma Jeffers,JIwVZah
mprobyn66,Marthena Probyn,lN7tARpAtfC7
mlewsley67,Marje Lewsley,8zkT6MDNx
rscotts68,Robby Scotts,cs2q3Z
glaviss69,Garik Laviss,HKRTlpGm4JT
jdevanny6a,Janeva Devanny,SHjRL6
geasbie6b,Genny Easbie,IFd5jbOcA
tfoxley6c,Talia Foxley,YqywFf
fbarhams6d,Ferdinand Barhams,jCxGzKpX2fp
hgosselin6e,Hailee Gosselin,XiAcjze3V
ppechard6f,Phillie Pechard,PXBSuJJ
bduggary6g,Boone Duggary,Yd2kTPB
vfoyster6h,Vivienne Foyster,6zXPcLBYmC
bgreenstreet6i,Belita Greenstreet,DUbn9v
twetherby6j,Twyla Wetherby,aWs3GnuIpI
cseverwright6k,Cassandry Severwright,bbZngDBpoN
pbunworth6l,Phineas Bunworth,OCKjDQl36h3
jjaine6m,Jeannette Jaine,ur6ZCmqj0E
ebraunston6n,Ezequiel Braunston,H3BRaXR
stran6o,Sharl Tran,0VmUqmP6
rruilton6p,Roanne Ruilton,hhn2yNWi
sgiovannoni6q,Sula Giovannoni,7yvLzz9I
bchasier6r,Brittan Chasier,zZI2ucD
gbinden6s,Gilligan Binden,a9U0zw8CP
btilmouth6t,Bourke Tilmouth,NEH99e9hh
dcowthart6u,Dulcie Cowthart,VEEReZ0UA
rianitti6v,Rhianon Ianitti,9u25tWl
lconn6w,Lola Conn,tXONf65g
mhartshorn6x,Molly Hartshorn,pMmuPJvr5M
hdumbarton6y,Heinrik Dumbarton,5hFBXnxv8zc
bthreader6z,Benedicta Threader,yq2jgdf
jlugard70,Jereme Lugard,5fFCYDfY1zh3
egiddy71,Ebba Giddy,jV4wK5xsza
bsell72,Bealle Sell,mV79JqTTwH
clardiner73,Crosby Lardiner,zlXzoC
bfugere74,Bernardina Fugere,f8cs3X
cjoddens75,Caril Joddens,CbQAaE
gconlaund76,Gaby Conlaund,np5n1vVVUt
rdrust77,Rutledge Drust,IktbkGOKE
smouatt78,Sigvard Mouatt,YLXbPs
kstoneley79,Kynthia Stoneley,MuaFIDlQ
ecambridge7a,Essie Cambridge,GPyqpsWB
lwhelpdale7b,Lian Whelpdale,xtQU8HZuW
nbanbridge7c,Nils Banbridge,HNrSnb3U
mbarbrook7d,Malcolm Barbrook,gk7NjDa64KA
riggo7e,Renato Iggo,0Kr5K9qpPOaY
wcopnall7f,Wang Copnall,XabHE12
rramsbotham7g,Rebecka Ramsbotham,cwW2vj
sbatterham7h,Stevena Batterham,nmN6KTPEqFzJ
nelldred7i,Novelia Elldred,vgq0Fd5pc1
eokielt7j,Ermin O'Kielt,JP6YU3DzBqHD
lmoncarr7k,Lindie Moncarr,hI2cYBTm9QFF
hmalenfant7l,Hermy Malenfant,vvsaZAkh2cuj
dconklin7m,Debor Conklin,zUwZj3
dhounsom7n,Dorothea Hounsom,1M1nis1gj7ze
jdibner7o,Jerrine Dibner,rmJYTyGV1tg
etompsett7p,Eleen Tompsett,yL1NYEnorjp
awiles7q,Adelbert Wiles,57U2sipqHjc
csteedman7r,Christye Steedman,DDpoUx
rhrinchishin7s,Ravid Hrinchishin,9xryg1bEXz
asuller7t,Arline Suller,kP3eY1
rismead7u,Ryon Ismead,EgzzbVdz7NTe
kgrummitt7v,Kermy Grummitt,V4wsoW0jAG
jmerwood7w,Jaynell Merwood,2LsEqH
moluney7x,Mitch O'Luney,rw1rnAJb
aknocker7y,Annelise Knocker,noRMlmkTgXDt
fdroghan7z,Florencia Droghan,fGebG6CebMN
ocattonnet80,Odessa Cattonnet,Fnl8eH4ASiDY
hmatthiesen81,Hannie Matthiesen,XESlGgM
ismy82,Ignaz Smy,wBw4Iaa2nLan
abaswall83,Avrom Baswall,1LYOeP
ereame84,Elset Reame,VfvLVcBa3I5
gposthill85,Gisele Posthill,U0TUbBls
fbehnecken86,Fonz Behnecken,e6uTX9A7K
daysh87,Daune Aysh,lMV6N7toN3
cohrt88,Casey Ohrt,WWoe02yvA
kcorradi89,Karalee Corradi,wc9mZ723v33
aditts8a,Addy Ditts,eyMIRr
ndagg8b,Nowell Dagg,ghx2Zy
aclubley8c,Alexandre Clubley,876sym5
jbulstrode8d,Jim Bulstrode,52UnIKDv
wdadamo8e,Winny D'Adamo,4IBKoMfVpG
jminichillo8f,Jack Minichillo,xoaWyCTfNJ
gdripp8g,Gwenneth Dripp,11kfFFzWx6i
rbeswick8h,Reidar Beswick,xpwcgO
rskoggins8i,Reamonn Skoggins,R79WW8nIB
pdulinty8j,Pauly Dulinty,ZQZTPezMb213
amcshea8k,Ansley McShea,7KBZFh7ifjec
ashewring8l,Alison Shewring,rnDIRAIbzI
sterne8m,Selina Terne,rksuR5
lshakeshaft8n,Lelia Shakeshaft,kKXi7ypZybs8
drecher8o,Daffy Recher,7xVNbv
kitscowicz8p,Kippie Itscowicz,o31717QL
omurtell8q,Olin Murtell,Dgc1tjrocxYr
fdunabie8r,Fannie Dunabie,i0UaRfn9
oboarer8s,Obie Boarer,aGQNROVoXlYc
lgibbett8t,Leticia Gibbett,qvw4q7r5Qloh
mdahler8u,Myrlene Dahler,2heySM1kbZv
ajentgens8v,Adria Jentgens,PfSqzqzZLO4C
tfossett8w,Tobye Fossett,wM23SZtcUVe
acoils8x,Alecia Coils,88DsmIr
ccrossan8y,Camellia Crossan,LPzOV6wKo
bconti8z,Britta Conti,JSm7Sw2
jkondrat90,Jermayne Kondrat,YeAqs1X45TBS
lspellicy91,Letisha Spellicy,K9rN1h3
ncahen92,Norrie Cahen,PjY87BEGzn2
sjephson93,Shaylah Jephson,ZCmFBTV9
akanter94,Alva Kanter,ZIIqUH4
chabbershon95,Chere Habbershon,CiJlxhQS
ccrassweller96,Chandal Crassweller,qXkLSZkqz
mburns97,Merl Burns,sjKc4pm1SF
dastupenas98,Dame Astupenas,AJyo8WIYAG
gmcronald99,Giselle McRonald,19Ux7u6jnrM
gruf9a,Giuseppe Ruf,sx3cJ6
djancik9b,Davina Jancik,E6ANUJ
nfoyle9c,Nan Foyle,AeF8vaiTGG8r
cskelding9d,Chan Skelding,SdHM0PmoHBkA
rwinterburn9e,Rheta Winterburn,S4FjXQIt5r
sskehan9f,Sharai Skehan,R0DXDk0
hillesley9g,Hermy Illesley,h8l7y6
mcarlick9h,Madlen Carlick,b65k74wOX
ghaseldine9i,Gennie Haseldine,RLmN8sF2CPr
gcrone9j,Gregor Crone,XNksz6gk4
iokeaveny9k,Ibbie O'Keaveny,krEE3PbBKs
posborne9l,Phillip Osborne,Lbok36PQa
ffrayling9m,Fianna Frayling,n1IFhR0w
cminett9n,Chandra Minett,dDPE9K71bJ
jhammerich9o,Jordain Hammerich,8pgH31v
hgidney9p,Harlan Gidney,xKqjP6
sbrouard9q,Sindee Brouard,2JRgfZkVH
bgrierson9r,Betsy Grierson,qCt51DGuvwe
rtombs9s,Rance Tombs,VXoSnIR
vjuden9t,Vladimir Juden,GmX49c71
cespinay9u,Callean Espinay,ZZNhcKQ
mkemmis9v,Mariya Kemmis,FYPIkHBG
bmulcaster9w,Brew Mulcaster,TBg9YuRGTv7
dwestover9x,Darleen Westover,NqrpdU
santrim9y,Sonni Antrim,RDR5RyPLPhwg
dcleynman9z,Dewitt Cleynman,1ROeqwE7
ntatnella0,Norene Tatnell,lCEheJ
jvallentina1,Jerome Vallentin,YROLGAryZ5j
dtavnera2,Dee Tavner,MB6Yph
dfiguraa3,Darnell Figura,cbQhVKngXN
efearea4,Elaina Feare,cQN4YMud
sgattya5,Siusan Gatty,J3y0pq09
kbattershalla6,Kikelia Battershall,sYfhlY
adrewesa7,Allegra Drewes,LzKSIrAtX
sjanuszkiewicza8,Sawyer Januszkiewicz,EDhCSivBGGw
mdolesa9,Manon Doles,IvpLSl
etonkinaa,Erny Tonkin,2gYqih
sbeetlesab,Staford Beetles,8AnwV9
abracciac,Alwyn Bracci,c0cEpXC
hgrewead,Hillary Grewe,fcbIWDNTID
valaboneae,Vinnie Alabone,0eCOxdnOm
vcristofariaf,Verine Cristofari,geyKBBvZ
aricardetag,Alison Ricardet,eEDpwb72IF
aferranah,Aile Ferran,xQjznR8yU20
msadgroveai,Merrill Sadgrove,wg5Wtk
elandallaj,Emeline Landall,08bPvMYKaGL
ljukesak,Larissa Jukes,jlasClfaJ
ahuertaal,Annabal Huerta,pWx4bbcykmtN
springleyam,Somerset Pringley,jQY8bCfS
rbeebisan,Royce Beebis,Zjp4QEETb
egrimwadeao,Edin Grimwade,GOLnp3f5Fl3b
lstandingap,Lynelle Standing,aFY6RyaXfMc
zgotheraq,Zahara Gother,dWpWeJ6K
gmcmorranar,Gale McMorran,w9d0eirFQbJh
btaggartas,Bradley Taggart,dEdgdAyhduax
ithowlessat,Isacco Thowless,RUbbZOhDj8
ccummineau,Claresta Cummine,dR3kHp56
dlammertav,Dyanne Lammert,6To9zH
carendsaw,Carmella Arends,EPZfNe
abinfordax,Allison Binford,H9Ahiv
jduddellay,Janet Duddell,9FAmSl2NDXzD
ghawseaz,Gerri Hawse,Y5rPA8YjV
jklimeckib0,Jenifer Klimecki,7R9eSnqrmL
hmelbourneb1,Hadley Melbourne,DkzyANbgBIx
rsidneyb2,Rollins Sidney,Y31d6flRi
abafordb3,Anet Baford,GbvAIz
rpoateb4,Renata Poate,iEMG9nNYR25j
sragsdallb5,Syd Ragsdall,VtLLsg7
ljakubovitchb6,Lyndel Jakubovitch,mvO8iYlYvD
theismanb7,Trix Heisman,8wXinIIYTLXD
ehostanb8,Evyn Hostan,QncOhUK
aconaboyb9,Aldric Conaboy,muVc37
trentcomeba,Terrell Rentcome,MjxdTop2yz
kmoaklerbb,Kaiser Moakler,0fJo51kAe
lfuncheonbc,Laurice Funcheon,eNTdfYSoHW
kreilingbd,Kalvin Reiling,KbLN9RSzusJE
lforcebe,Lanie Force,xm7bQU
wmcilvoraybf,Wesley McIlvoray,bc3TnFaCy
alemanubg,Alexina Lemanu,IyHBf4V7
rmoffbh,Ruthann Moff,Z26SK3sv
hbarkesbi,Hilton Barkes,hgoqrR7
emooresbj,Emmalyn Moores,CALrt4kbVpt
mcashleybk,Maia Cashley,g0HPrP
sfawdriebl,Stefan Fawdrie,mJL1XMYA99GY
hsneezumbm,Hildegarde Sneezum,497OnWnu
jmalafebn,Jourdain Malafe,1gg8pw7FhP6u
eclackbo,Erina Clack,p9RMfU7NTy
afabbrobp,Arden Fabbro,4UjC3K
earnautbq,Emma Arnaut,QCdltKBJ
fjurczikbr,Fabiano Jurczik,MFp3GuVRB
amuirdenbs,Austina Muirden,jt11NLCpO3R
srentelllbt,Shawn Rentelll,YOLBdu7JRE4
wnaylorbu,Willamina Naylor,BJeQePJZh
agooddiebv,Aurel Gooddie,oLRPMiPXV4N
esimonetonbw,Emelyne Simoneton,Mhszqd
mgoodburbx,Mariska Goodbur,Ap3yhd2
jhassanby,Janel Hassan,J30EJ5
jcausnettbz,Jorge Causnett,USWk2Ob1P7QI
ffairhamc0,Forester Fairham,3CKKSOC
tlyfieldc1,Tuesday Lyfield,2YzuXhda
nbananec2,Normy Banane,aEOGtH
kwickendonc3,Korie Wickendon,AzHrPS
eshoardc4,Eustacia Shoard,ys9wMcx
pgerardetc5,Pegeen Gerardet,w9CIjzzJoMz
bmurfettc6,Buddie Murfett,vgAIZJy1Q
cgallyonc7,Carola Gallyon,7STYZCOU
bstorerc8,Berrie Storer,J0RbbuFUTknj
fwindleyc9,Felic Windley,6hUl0pB
rearengeyca,Riane Earengey,Irobx9WVOe
rsyrattcb,Rik Syratt,UzBr9SZswb
kmorrelcc,Kelby Morrel,p7d6o94Sz
lfieldencd,Lanni Fielden,0aK3zFGjbO
bshellidayce,Brana Shelliday,dVdFMPTk
mcastagniercf,Marianna Castagnier,MKyu19
hnewhousecg,Hallsy Newhouse,fs8cXOuI
awaterfallch,Adan Waterfall,WpHKhz
dlindstromci,Darb Lindstrom,Fjy31rN
ptrevainscj,Pinchas Trevains,ahuEys
ckanwellck,Ced Kanwell,hJfwhsE
jwoolandcl,Jarid Wooland,Ub0BJdXN17
ecorbycm,Ethan Corby,2c1z3vb6Amm
ffreearcn,Fayth Freear,xbhjjdOw2ge
ryellowleyco,Rona Yellowley,GwkiRlwZ7EI
kguisecp,Krissie Guise,PQ9d8ddwAba
gleamancq,Guy Leaman,VqYHZDm9
ecutresscr,Elnora Cutress,kLqdu9
nhenaughancs,Nevil Henaughan,irVaqAAIYA9
jdect,Jacenta De Zamudio,gUZmdUJP
dfochcu,Donia Foch,fupIDPLvw8
rringcv,Ruthanne Ring,UM9ydpmzFhM
ehembrycw,Ebonee Hembry,x7lgfsr
hwoodnuttcx,Hesther Woodnutt,tZksmGz
bshiellcy,Binky Shiell,D70EQSpN6Wp
marnoudcz,Mordecai Arnoud,W52kWbz
jded0,Junie de Glanville,UJpHw2PRz1h
spalingd1,Saleem Paling,BdRFbchwD
zdulaked2,Zara Dulake,PqifwHPWHq
eciepluchd3,Emory Ciepluch,E7d5jmNVn
tknowlesd4,Timoteo Knowles,IEJ0DbFm4H7
sdraycottd5,Sherill Draycott,eW7iLwSOC
aobroganed6,Aimee O'Brogane,lVKyB1dz
lgallardod7,Lonee Gallardo,l4p6aLP
bdraned8,Brear Drane,pSWyGy
opaurd9,Orson Paur,5xC1dEJise
spetrulisda,Sherwood Petrulis,01M9C7DF
cstonierdb,Calypso Stonier,6aA1ficOC
cfulbrookdc,Chris Fulbrook,boa6dyzc
akuhndd,Adara Kuhn,g7BMHC6XW9lY
naxellde,Noelyn Axell,7bgDV71
ncordelledf,Nellie Cordelle,UO0P3ZazQ5vA
fkuhnwalddg,Flor Kuhnwald,ChOFuLVbsEhU
aroachedh,Allie Roache,rRGAEj
jwaistalldi,Jannel Waistall,DKUyj4ca
mshyresdj,Milly Shyres,V0Sb30kY
jkondratovichdk,Joycelin Kondratovich,Q7s4SZ
jgibberddl,Junie Gibberd,qQTBinqUxeU
dhanhartdm,Dallon Hanhart,nh9alC6eqV
estenningdn,Effie Stenning,QuX47N
adriffilldo,Aloysius Driffill,NeFVeLz
gnunesdp,Geno Nunes Nabarro,fwLSgoRsjf
dhullettdq,Daffi Hullett,kcAfWvEDeGd
davramovitzdr,Debera Avramovitz,QAi5RGKzOzE
ggatteridgeds,Gregorio Gatteridge,yhJK6szV
aclaibourndt,Aurelie Claibourn,p8qBMXrQ
ckindleydu,Chaim Kindley,dRsXMYF8inAb
mpentonydv,Murdoch Pentony,9gXpXxC
jricoalddw,Jacquelyn Ricoald,GQ1C40g2JkJ
wdedx,Wake De Lorenzo,hlHOC7
cwoolastondy,Cross Woolaston,mjIsOVrNygom
ckohlermandz,Charissa Kohlerman,HRl2ZxKQ
fmailese0,Farlie Mailes,Ih2CwW
droughte1,Dall Rought,tea5GN
bhamertone2,Baudoin Hamerton,0lhTTvEiK2
ctriggse3,Cal Triggs,GXpSFRxtRf6b
kyuryaeve4,Kirby Yuryaev,EF9CcQNd24gX
kanthoine5,Kristina Anthoin,ecAefHWXJIv
eiacovaccioe6,Elise Iacovaccio,pjstzJt
ijinkine7,Ingra Jinkin,9lsY8KImrfgR
bpatrone8,Blaire Patron,J2mjRDcuJB
ostutee9,Oneida Stute,4jeRw1O1oS6v
gocklinea,Galven Ocklin,zJUfCdE
anewloveeb,Adams Newlove,6l6hMzGvm
nfilipec,Noble Filip,SwIVUqZu
zoxboroughed,Zaccaria Oxborough,DUBUdNYdcUW
alutwycheee,Arlette Lutwyche,ddrc6u0Lf
tshuggef,Towney Shugg,TlAQwh7
kcollifordeg,Konstanze Colliford,QC38f0h
cbaudeeh,Carlotta Baude,St2zUK0vKY
tsugarsei,Toddy Sugars,u2gQMhU22v
gpownallej,Gill Pownall,1jW2nb
nmaccardek,Norah MacCard,ES9ZeLr7Q
fsignoretel,Flore Signoret,wGJ3rTZ4
niacovielloem,Normy Iacoviello,sE0WC98QnTr
krawlingsen,Karlie Rawlings,JChoVeH
jsimmoniteeo,Jerrine Simmonite,MFFjJfQZ8kC
lwickwarep,Lulita Wickwar,Sig94bV
hchadweneq,Hyacinthie Chadwen,n0LO04o
ncroysdaleer,Nanete Croysdale,4rl3350
wgiacomuzzies,Welby Giacomuzzi,P8MhvbBnp62
jpirroneet,Jennica Pirrone,wcQcIy0k1
bhamileu,Beckie Hamil,e3tH0D3cpURq
amclardieev,Anny McLardie,xl4Qde5z2
ehaslamew,Emalia Haslam,AoCyX6bWdY
myankishinex,Matty Yankishin,vvlLppNQ9
kradfordey,Kippy Radford,F6UJ9Vel
pgorussoez,Phip Gorusso,B4DTaeO2l
cfilipychevf0,Conni Filipychev,jyxBmrxGzh
mmarchf1,Minda March,T9YufUy
kkneeshaf2,Kathye Kneesha,r6vfCAEZ5
pvizef3,Pieter Vize,cRaofHlG
cnorvalf4,Cesare Norval,nUUfODtth
akrierf5,Aggie Krier,6Bkanq2MYRV
bsmewingf6,Bert Smewing,jixpr63XeS
sgivef7,Sharline Give,dYJy0q
wnoultonf8,Woodie Noulton,lujmA1ukql
cbleierf9,Curtice Bleier,EizpbNynS4sO
hnornasellfa,Horatia Nornasell,lGcTQl
amilnefb,Abbe Milne,WZP1rBkM
hgodwinfc,Hadleigh Godwin,4Zmh1ut7
ceshelbyfd,Cissy Eshelby,lc2Y4PrLR
nlatheyfe,Nicolle Lathey,0S8Z6Ls
akopischff,Abbott Kopisch,C2D5Qt
kharbachfg,Kimmie Harbach,0XZg29
jjimefh,Johny Jime,UDIO0uZ
mfairheadfi,Marlyn Fairhead,OWavSGks52nw
obillsberryfj,Othello Billsberry,KL1Bmmywn
jarmytagefk,Jojo Armytage,h4dWxO7awae
gdouglassfl,Gerardo Douglass,tDx3DyhhwP
kcrinagefm,Koenraad Crinage,EpizRhGvt6O
aralphfn,Avril Ralph,rMkxKhIVYXRe
emedlicottfo,Ev Medlicott,97LFkO
sbrechefp,Sanders Breche,7Jo5m9lbPe
bglowachfq,Bil Glowach,NFPPJfAS
mmerwedefr,Mano Merwede,MBxvaPWMx0R
nnorkettfs,Nell Norkett,dysh3RJgN51
kchamft,Klement Cham,zbya6bbddz3
fsimonazzifu,Fanchette Simonazzi,09g2PskT1
ptaborfv,Paula Tabor,uC8HIB
dremerfw,Darb Remer,Ml8FbS5g3S
jseelbachfx,Jenilee Seelbach,4C18m5V9h3GB
tdriuzzify,Thebault Driuzzi,jvG7IWzSqSoo
orallinshawfz,Omero Rallinshaw,pN1ZAronA7gu
srolyg0,Sibella Roly,ATzuwOW
kbandeyg1,Kermit Bandey,IJXPJi
gbackshawg2,Garwin Backshaw,2sL885ektKoF
cgarlingg3,Caren Garling,lRGQce9h9T
jexleyg4,Janifer Exley,R3lPM5O5OH
vrileyg5,Vassili Riley,Z9IZ8Yt
dchallaceg6,Darryl Challace,xEtdZ6V
astg7,Alexio St Angel,8FtvCze9JwKs
atemplarg8,Annabella Templar,qgkv5TzT
ashilvockg9,Abigael Shilvock,z7sOzd
pdimitrovga,Port Dimitrov,l6E6Aa3BdivX
soldmangb,Shelley Oldman,8OlVl0I0A
crufflesgc,Chuck Ruffles,Qa5D0Rcj5p7t
gdisburygd,Gilli Disbury,E1ELXs
mprendivillege,Melinde Prendiville,FAxEEa
jpreshawgf,Jayme Preshaw,2ftD2kh
atrenchergg,Algernon Trencher,tZAAoq5n3
lsouthwoodgh,Lenee Southwood,GX7j0FrJaKbn
nmalehamgi,Norbert Maleham,2p5O5m
gdellgj,Grace Dell Casa,P5mQdBqLq
lmuccinogk,Leopold Muccino,7lJeOFEvKs
gcubbongl,Georgia Cubbon,wTlKef
hgriersongm,Hewett Grierson,Cuu7QRR
mluthwoodgn,Maddy Luthwood,jfhmWz8
nboichgo,Nicolai Boich,2vn6ta1mV
pgosswellgp,Pierre Gosswell,p85eCceG
tpeabodygq,Terence Peabody,buXR2d6
lmcgoongr,Lovell McGoon,gwyJibJMvm
lbalmanngs,Laraine Balmann,frpXMoLh0UB
ecantillongt,Elise Cantillon,3oKhVGmXkRV0
ehiscokegu,Elissa Hiscoke,LlrTFrG4
kgherardelligv,Kora Gherardelli,Cv6sjefbizNU
mbrazgw,Mercie Braz,WgQDqSj
pmattiassigx,Palmer Mattiassi,aLOKY7FpqPq
rallertongy,Ruggiero Allerton,f1iTKb2w5L8Q
abottomsgz,Anastasie Bottoms,aiDn8pLwZfR
sciccarellih0,Salli Ciccarelli,d3Hu9H25QYE
cnuzzettih1,Chelsea Nuzzetti,7hJJkiMcx4f
ttamblynh2,Torrance Tamblyn,JTC3D2
clittlefairh3,Caresa Littlefair,8aBpvbicSHW
gfarleyh4,Giulio Farley,jZrSukj
nbotcherbyh5,Nikos Botcherby,m7Gl1Qm
kdanilovitchh6,Karrah Danilovitch,dAJu2cDW
vdowyerh7,Vanni Dowyer,hKWHuQWG5Gp
gvanh8,Gilli Van Cassel,2vZxhk5
lgilburth9,Lay Gilburt,KLtIxgMWx4r
sidaha,Schuyler Ida,DQIfRLliP
mstuthb,Mead Stut,bV3tF5xM8Lr
mfifieldhc,Mellisent Fifield,VbuLhB1
mcruthd,Michelle Crut,WQFOy0bxqqH
rquinnellhe,Ransell Quinnell,T3dWSQv
mstobohf,Mahala Stobo,7k2r6TSfj
jbudgeyhg,Jacquelin Budgey,JiAgiX7
rburneyhh,Reggie Burney,7X8yI5aE04Z
pbellohi,Pru Bello,oE2Mdp3mxk
keykelboschhj,Kinsley Eykelbosch,XHUHWg2SEfSr
beustacehk,Bibby Eustace,sc0rZeRSzUh
hcastanerhl,Harmon Castaner,fluXTvImKqab
agullickhm,Abelard Gullick,FhKFwIsgiN
gdablinghn,Germayne Dabling,3M9aNT
acortinho,Arturo Cortin,uRbard
vschonfeldhp,Vaclav Schonfeld,KqU5Tx
rrouselhq,Ruthann Rousel,dbKb4TfTFsD
rwealehr,Rutger Weale,xk1d5547dG
brossettihs,Byrle Rossetti,1ICdZTbP7g
dollertonht,Debi Ollerton,ggAwx2lXj6
ogramerhu,Olympia Gramer,GaH9OBK
ccampaignehv,Crystie Campaigne,slpzzxZ76c
dlavishw,Dean Lavis,FkJrnMN4iFbO
slamplughhx,Sarge Lamplugh,B0wKSJ6P
bpenticosthy,Bentlee Penticost,ToTWhnMpZVGa
dledgertonhz,Doloritas Ledgerton,kUCWkOEFIM8X
pmarwicki0,Paulo Marwick,WSTxpnKqHR
jargentei1,Jenna Argente,suIdStrI7
tsturgesi2,Theo Sturges,ZDZlY1pIqi
bgeevesi3,Bat Geeves,P5HKoKXtfOq
uhunteri4,Ursa Hunter,3kxN8CPi
thusselbeei5,Tess Husselbee,51TF2U59
bgiorgii6,Bary Giorgi,tD05cX
vdusti7,Virgilio Dust,bftq7zQhI
cbelhommei8,Cece Belhomme,oFsnfoD
aeweni9,Allys Ewen,i2qFMpZiktFm
mheaslyia,Melody Heasly,AsjOse
streeib,Sauveur Tree,jXvTVLQuoad6
hstolzic,Hillary Stolz,aubmxy4e
mslimanid,Malchy Sliman,eBvCMdQ4S
jhilleyie,Jennica Hilley,1p6YHk2N1
cskalaif,Che Skala,3bo5HaOmVes
eclemontsig,Emelina Clemonts,hZqoYuO4axe
bmarciskewskiih,Bria Marciskewski,to6YRlrN
beidelmanii,Byrom Eidelman,oQhJ8wAT
norwinij,Nappie Orwin,C3LdCPQ
jkeersik,Jeremy Keers,x35ggxB
zmarttil,Zerk Martt,PjOaEkN
mtoffaloim,Mattie Toffalo,NXdJ5WP8
mcleghornin,Marilin Cleghorn,NlLjcBRO
ttrousdellio,Tome Trousdell,Ig5YUrshelw
aallicockip,Arman Allicock,qohrebT
cohartnedyiq,Consolata O'Hartnedy,CcAiKsm6nLhu
pquinnellir,Pepita Quinnell,kCkfrBe7sj
fdummettis,Faulkner Dummett,RAAMq2O57cME
ecauleyit,Ezechiel Cauley,hI3MxJb5eV0
aconboyiu,Angie Conboy,95l6fcv5Lidm
dhardsiv,Dolli Hards,26Kb29XQ1
mguinnessiw,Maggee Guinness,AvnmBG4
gvalanceix,Garth Valance,ZN14W1Z86Es2
wburnhamiy,Waly Burnham,6oiygMzUvh
rcaldicottiz,Ruthe Caldicott,ichramv0tOJ
ayacobj0,Amalea Yacob,l7Hgj2nL62a
ntanderj1,Norbie Tander,vb046d7B
eulyetj2,Ethan Ulyet,Sr1WNb9U
dcampellij3,Doe Campelli,sWNnHJq
wrozenzweigj4,Waiter Rozenzweig,9D2hayA
rrasellj5,Roosevelt Rasell,PlyTbmH
rjeandeauj6,Ricky Jeandeau,Sp1GcUqPO12
jsheirlawj7,Joline Sheirlaw,FOTwjINvQDAG
jsignorellij8,Jessalyn Signorelli,Sg9JdTvh2UWO
dstillyj9,Derrik Stilly,03am5NOn
ltreenja,Loretta Treen,ONtTFMP
scooneyjb,Skippie Cooney,3XUayY333XlC
ycarnsonjc,Yevette Carnson,ZD1ratZkVw9
lbrewettjd,Lorne Brewett,peu19dS5H9vG
aharbordje,Aurelie Harbord,qTNvdK
dfullagarjf,Dodi Fullagar,yt7fkt
sdejg,Sylas de Najera,jaHjUzPcK7eC
tbridatjh,Tim Bridat,TKpae8
cmalthouseji,Carolina Malthouse,Cm80G10UQjQq
tannearjj,Trace Annear,VKybqqxdm
adumpletonjk,Arte Dumpleton,9O4HGoXntD9
fdearmanjl,Feodor Dearman,3UyD4B
oshackeltonjm,Ola Shackelton,UDikdV9
jfilipovjn,Jarvis Filipov,JNJ2VcPtNsFh
rsouthcombjo,Roseann Southcomb,CIu6zwWGeF
jdrysdelljp,Judd Drysdell,0ENFKzhEpk
dinmanjq,Dario Inman,BSKcKb99HNx
fthurstancejr,Felice Thurstance,idYbf47hxNbZ
mchesnutjs,Merola Chesnut,ixmdnp7JOO3
kmacredmondjt,Karee MacRedmond,H7uvacX5H43U
mbirtwellju,Morie Birtwell,dYQqNDi2jI
fmerkeljv,Francklin Merkel,U7JZ47OCAP
codwyerjw,Cordie O'Dwyer,oTTh4onFer
igibbiejx,Idette Gibbie,uFj5C60G5B
btelfordjy,Bethina Telford,ZvQe21O05KX
nhumphreyjz,Norton Humphrey,obl5wdYPKda
ecapinettik0,Emelina Capinetti,bUQvCx
abedinnk1,Allegra Bedinn,Lr994uycf
mtrymek2,Menard Tryme,ptGVm9G
jbathersbyk3,Juline Bathersby,nXm26AbF73
apetcheyk4,Alphard Petchey,6ZaEjReprAtj
hbattenk5,Huntley Batten,3vVjClpYIM
lphonixk6,Lindsey Phonix,7Usr5bw2o
cvalentettik7,Chickie Valentetti,jJApSR
jlegertonk8,Jakie Legerton,hWvBfGxLKl
lshaxbyk9,Luz Shaxby,6C83UmI
jkaindlka,Jackqueline Kaindl,CYBUnhV
eiacovonekb,Ervin Iacovone,MwkfCAMi5
jmcmennumkc,Jacquenetta McMennum,0zbfHw2tzAcX
dginnkd,Diahann Ginn,o0xrKhP
agreenhoughke,Angelica Greenhough,ZOrQROstX8KF
mwylliskf,Mathilda Wyllis,S3w28McGdj
croscherkg,Camellia Roscher,BOO5xEl
mwevellkh,Margeaux Wevell,yuiK1z
tjephsonki,Tilda Jephson,P3aLfC3
lbingallkj,Lucila Bingall,usyYQUl
twalkinshawkk,Thorvald Walkinshaw,VbyNpUdkZ
bdubblekl,Blythe Dubble,bVHPFig6
kwhorallkm,Kendal Whorall,ks7HLUPifB5E
mjimpsonkn,Marje Jimpson,oQo8mVbplnZG
bdrawmerko,Breena Drawmer,mX0igl
swoolcockskp,Suzi Woolcocks,6bAdOKEqOK
dwomackkq,Dacy Womack,qxebrrKd614
nheadrickkr,Nat Headrick,RUM2r7B
bsidwickks,Brander Sidwick,8T4GwZ8G3AF
fmendenhallkt,Faunie Mendenhall,6HZStErb
erandalesku,Eduino Randales,0Xja8P7qU3yK
hfosdykekv,Howey Fosdyke,RpA2Cd1OVQw
bcalveykw,Beitris Calvey,v4tL50NfBx6
jiacofokx,Jolynn Iacofo,aEZA9a
mjeffryesky,Merridie Jeffryes,ncS5bPywVRkG
bvaldeskz,Beckie Valdes,VN3zn8V
vmccrackanl0,Vevay McCrackan,j4ZSdfKD3JC
jpolandl1,Jone Poland,h9exzL1ooS
hdamirall2,Heath Damiral,lTJmTK
sol3,Stoddard O' Flaherty,tXWkKKY
awhatel4,Alexis Whate,vAvHdNiYD
scarlsonl5,Shayne Carlson,kbLqADnm1L
bhebditchl6,Berkie Hebditch,RDbDrj0EzyB
bchislettl7,Bettina Chislett,RT7aWGsEZngE
evernil8,Elwin Verni,I6OUD06n4R
banthoinl9,Blair Anthoin,wv5h2vTP
cstuddardla,Court Studdard,ixmG4Ef5YfG
jvinerlb,Jeniffer Viner,u6IK2HLvR1eK
mklausenlc,Murielle Klausen,L3hE1cIqPj
bcawthronld,Bastien Cawthron,5lrl1MkaA1q
lmaurole,Linda Mauro,fgpOjQsa
hjedrasiklf,Hermon Jedrasik,D0CF7hGoE6M
dregelouslg,Derron Regelous,XEDmph
aalgatelh,Ashlan Algate,GiJQPqyplRy0
lgroveli,Leroi Grove,YDc2vk
nrowanlj,Niall Rowan,b02IYAcbHgkr
kabramowitzlk,Kelby Abramowitz,cnYtIom
hdewesll,Hewe Dewes,f4EMTMlOJ
gpichelm,Gleda Piche,2UpHjT
adelmontiln,Arch Delmonti,Z9qQ5IWFzE
blegendrelo,Bea Legendre,veQJ2EUGwm9
aclendinninglp,Ag Clendinning,Q0Fa2AqHZ
asangarlq,Anatol Sangar,N9nTpT
mdymentlr,Margy Dyment,xNxUqvi3LHj
tghelardonils,Torey Ghelardoni,4rdBu09jG
ffeldsternlt,Franni Feldstern,pn9cHbmmXEWG
irosenstiellu,Iggie Rosenstiel,RucG9FPf
bfladelv,Bald Flade,9yqSz7kHyXX
acanetlw,Arlee Canet,bxfDyp6foB
jcranmorelx,Joela Cranmore,hz4vl8b6T3L
jmedwellly,Jerrome Medwell,OSp7mxsj8
bbalffyelz,Brice Balffye,lC0PSK7Ky
lmillbergm0,Lily Millberg,Ia6Xx3xRYO
bdenisevichm1,Brose Denisevich,2LNbpe4qz8p
dgummarym2,Donnie Gummary,X57CPjQf6V2r
adem3,Aloise De Santos,oKT32kc24
ajudkinm4,Adriaens Judkin,gyh8IQ
uroffm5,Ulrikaumeko Roff,8xfV8hpm
pgeorgeotm6,Pia Georgeot,6YO179yUOh
tdeemingm7,Tiphani Deeming,o7vMrbv3vrM
bguestem8,Bobette Gueste,Wy1MFT
lwolfartm9,Lisle Wolfart,YngdIGKUoQ6P
paskwithma,Peyton Askwith,wHLLc6gM5LOo
cwisammb,Chantalle Wisam,k0gEqVB
cmoodiemc,Calhoun Moodie,emlnxBH
rsummerleemd,Roslyn Summerlee,UDqnQop
isigginsme,Innis Siggins,kYbkl2J
hfrischmf,Haven Frisch,KMc2pf1
rnervalmg,Raymond Nerval,wneWzNTy4
wwaadenburgmh,Wanda Waadenburg,eXRvff6Z
dashbrookmi,Debor Ashbrook,I3tkXO9jsxW
mchellingworthmj,Marijn Chellingworth,Yhlysj
dbrooksonmk,Deva Brookson,7tV0dMCiY
xfavelaml,Xylina Favela,92igBJ
eearrymm,Eolande Earry,8AmjDt7pMN
vmarchbankmn,Vivi Marchbank,S5gcnfravZA
sjigginsmo,Shalne Jiggins,WN2o2LMRYZ
rsallingermp,Rutledge Sallinger,0QFvNykMk
dkimblymq,Dougy Kimbly,23h3vC
cmacrorymr,Corrina MacRory,2KPjFvuqw
dmcswanms,Druci McSwan,pcuiPIlQ0mC
bsackermt,Bradly Sacker,5MTaELRaEjuI
ebutfieldmu,Erda Butfield,9mUZaA4o4O
tmatushenkomv,Toddie Matushenko,zqHuruBoep
gfabbrimw,Geordie Fabbri,DO8Y0dH
lflacknellmx,Livvy Flacknell,m2jUFc8
jwinsonmy,Jeannine Winson,bdbeAHxlsij
ccrennanmz,Chad Crennan,G8TPSA
acheeversn0,Ardeen Cheevers,WBNnlii
mdugaldn1,Miranda Dugald,y04RSzb
emapisn2,Elias Mapis,sISykVB
jallbonn3,Janette Allbon,aKgbzC
lgilffillandn4,Lenore Gilffilland,nG1O81ZD
nmoreyn5,Naomi Morey,grb13qoQZpGs
dscopesn6,Damien Scopes,hbcDhizMxhG
mmargaritellin7,Miner Margaritelli,TgUeOGk
dlembrickn8,Darcy Lembrick,6RJW4s57
aguessn9,Adelina Guess,46cGH3v4
eshowlerna,Ethe Showler,Opmb7k8k
rnodennb,Ronald Noden,cxvZi89wqNe
hthoriusnc,Harli Thorius,dIIk1hxB
ncainsnd,Nessy Cains,NTv4VxTSXs
cjobeyne,Clotilda Jobey,rniKECSKsZ
gbohlernf,Gard Bohler,QzMAvSaP
fcorryerng,Fee Corryer,rdf1gfN6Keo
iloreynh,Ichabod Lorey,IWQZVqtWtDm
lheimsni,Lincoln Heims,8JDGYqlHaxOr
wgiovanazzinj,Wylie Giovanazzi,BTE1rJm
mmulvihillnk,Myrna Mulvihill,7ORjOB0
gmallindinenl,Gilbert Mallindine,FHqNuIjJYn
agiacobbonm,Anderea Giacobbo,iPfz8JECZ
dmottonnn,Darill Motton,OegquafntW
gkneaphseyno,Gelya Kneaphsey,ykU7C6bWIV2
lgunstonenp,Lucius Gunstone,AGwrWV3c
mjornnq,Milton Jorn,DCTAEJNysctd
dlehenmannnr,Deane Lehenmann,i06k1Uqkn
zneyns,Zandra Ney,69lp67atul
jironsnt,Jeddy Irons,lDrpBPveZp
rbyramnu,Roby Byram,NygDb4XWl
hshallownv,Hannis Shallow,bWN7n2AB
wplampinnw,Wilmer Plampin,WoFFckOF0x7
bmullinsnx,Brina Mullins,Vxm6AaMMIeme
scoldhamny,Seka Coldham,2zvnvSf
mjasiaknz,Marmaduke Jasiak,TgOlbuC5
jgoulborneo0,Joe Goulborne,sWr54B
cerratto1,Codi Erratt,5Ony3wPwDr7J
atitheridgeo2,Anne-corinne Titheridge,GoHauqQ
jemmineso3,Jdavie Emmines,LJBR4tm2G
pworsomo4,Perry Worsom,m12mSI5Jcfh
vforshawo5,Van Forshaw,eiDI3J
mpennuzzio6,Melonie Pennuzzi,Blw0xqEks
lkiddyeo7,Lonee Kiddye,YkxnFaxGv9y9
jbrewino8,Johnna Brewin,KNpgJL
mstatono9,Meridel Staton,QDtP23yRt9
bgilliattoa,Bettye Gilliatt,V7uFPmFz0J
zkroonob,Zebulon Kroon,rh2auJb2MV92
bbulleneoc,Brena Bullene,UlOlInzVPtR
wcolwillod,Willie Colwill,6oZmkUQkHt
cokeenanoe,Charlene O'Keenan,ra1wK3qmcbh
aputtockof,Almira Puttock,hWR5w9Y6
tlockhurstog,Thor Lockhurst,hTIxeWKE
nleaoh,Nilson Lea,E5GamPrqJlpj
pgimbrettoi,Pierce Gimbrett,653djn2PAPE
jgoldsteroj,Jolyn Goldster,81lzmbA
ecreakok,Eugine Creak,zpGBHAEQT
mhazzardol,Maurice Hazzard,z8h33DtH
lraddonom,Leroi Raddon,vOidLirl
tcattellionon,Traci Cattellion,UAVklbmDw
fhodjettsoo,Franklyn Hodjetts,GY6fYmmmiB
chawksleeop,Chrisy Hawkslee,kDOtyT1
ablundelloq,Ailsun Blundell,uZmKttNXXXnq
mhopkynsor,Mella Hopkyns,vGBXGzb3
thazemanos,Trudy Hazeman,V6w9J4p8
candriulisot,Caron Andriulis,CrreR1JGEZ
koherlihyou,Kaila Oherlihy,fsxcc1
bmillgateov,Boyce Millgate,hnCyHDIxaaE
bacedoow,Blinni Acedo,Ei8MNJkl8bHe
kyitshakox,Krissie Yitshak,PWKA7B4f5vD
acantillionoy,Agnese Cantillion,WfwhL0X0
ejancikoz,Eimile Jancik,9ETQBU0
kiacobuccip0,Kyle Iacobucci,AkDwLG1Oohu8
ababinp1,Annamarie Babin,bfY9ZjGti
hkinneirp2,Hildegarde Kinneir,Jyy0b78cTnHa
rsharplep3,Roldan Sharple,Bt0zzCuE9Y
aelflainp4,Adi Elflain,LB2rFo
dwreathp5,Dante Wreath,fVxEiXLJ
jannp6,Jo ann Giovannacci,DPpAKM
rolivep7,Rubina Olive,K0cZ3Zj
afigurskip8,Allen Figurski,wIBnNjVYO
dmorstattp9,Dorian Morstatt,aeuQEQQeSYn
cdurbinpa,Calida Durbin,OFS4bdV
ejelkspb,Euphemia Jelks,9LMB9WXd
sthumimpc,Seamus Thumim,7Ysiil1n
gdilaweypd,Garrett Dilawey,j07G29IWuZF
mlongfutpe,Miriam Longfut,gTQ5QTX5ZE
jhawspf,Julee Haws,Rnijq3kC
ltoogoodpg,Letty Toogood,K2bMvTqPC3
aravilusph,Aldon Ravilus,TmoptN
bmellingspi,Brocky Mellings,n7PHw0f
tmcphelimpj,Tibold McPhelim,pcZ2MD0
cparlattpk,Chickie Parlatt,80nG6eowvIo9
ajerredpl,Angela Jerred,wGiZ2GQ
zbillingspm,Zora Billings,ilPen68P41H4
sbrockpn,Sonya Brock,UD04MUdx9F
mcordobespo,Minna Cordobes,yKFXKf
jbroadispp,Jaynell Broadis,xXykx9UzpnPR
glimpertzpq,Gerianna Limpertz,4VynUPgCitY
cfurtadopr,Catina Furtado,RNRgCPiJlXQ
emahoodps,Edin Mahood,104Cr7eW6SZo
pdillingstonpt,Perry Dillingston,9HlxoXOCH7
okelstonpu,Otes Kelston,z9RAyAE
bstonierpv,Barry Stonier,88CWJvzUM
ceschellepw,Carlina Eschelle,I2Uwtp
azanussiipx,Averil Zanussii,R6JdXi2NA
ldysertpy,Lin Dysert,EwLzV4sqwpPm
mgrammerpz,Melli Grammer,uzcd0Ao64z
hdryburghq0,Harli Dryburgh,oueUl0G8oNx
ccullingtonq1,Colleen Cullington,st2gd7F6
hforriq2,Harwell Forri,l0wmcuInPpwH
jbulleneq3,Josefa Bullene,kx5dA9q
tpiresq4,Tisha Pires,siFNrH
smoricanq5,Sonny Morican,ey6ajrabq
zmosenq6,Zelda Mosen,EAex3zss
asewallq7,Aurthur Sewall,sP3OzTqX
vrumneyq8,Vinnie Rumney,PsWuxpGfPH
scastilljoq9,Sydel Castilljo,2kHAStiyqm
mdaltonqa,Maureene Dalton,YbFr2MnzHO
eruddochqb,Elane Ruddoch,XE7nfW8
wtitcombqc,Wendall Titcomb,acGO0F
vshatliffqd,Verne Shatliff,L1pVqmw
jyarrowqe,Jessica Yarrow,NmkXzXgVs
tmatzkeqf,Tanitansy Matzke,QAEYCLhLmITZ
mmcluckieqg,Maren McLuckie,wiYU97iHe
bhousbieqh,Benedicto Housbie,TdhwgXdm1
igoldneyqi,Inez Goldney,ZVMdJ3eXln
rmeelandqj,Rollins Meeland,RnMQLJZL
aconochieqk,Adair Conochie,V4qi3ce2d
sphillisql,Sula Phillis,IOondv9D0F
alowyqm,Alexis Lowy,vrzydxos
tdunanqn,Tan Dunan,TuMEcuCxtE
eberthqo,Earle Berth,UZ62B6L
amurchqp,Abbie Murch,wzCmUsj8q
srackstrawqq,Sven Rackstraw,QTtmwf4VMK
ealejandriqr,Edythe Alejandri,DkK7VsluolZ
dhaycroftqs,Durand Haycroft,3STrCys1hcSA
uparnellqt,Ursola Parnell,5O4P66o8xy0W
bcoulterqu,Bettye Coulter,Lwb0I6IEO
fhovelqv,Forrester Hovel,ny2HDWud
dairlieqw,Derward Airlie,KT4caEMmk
hlauqx,Hedi Lau,UDFQz5hKk
sburnittqy,Sella Burnitt,dLg0ADdsnBp8
ovinnicombeqz,Orson Vinnicombe,iqPI0w
zswanner0,Zenia Swanne,8msd6p
amartinettor1,Annadiana Martinetto,pAgvZUVzYmKB
farnowitzr2,Fairleigh Arnowitz,o3rfpy6QDQy
qsparker3,Quincy Sparke,rROm0QIZF
abaldir4,Ashlee Baldi,vzUIGDbk2
dgadaultr5,Doria Gadault,zQyqpnnc
cvoycer6,Cody Voyce,y782lOz2hc
bperinr7,Bernadine Perin,GekRTJ
yder8,Yasmin De Blase,qmYS7IRyE7
kgeraldir9,Keven Geraldi,sGdObJWps7lp
rlewtonra,Rustie Lewton,UcKaplA2
jlyonsrb,Jacklyn Lyons,UYToF2i
vpervewrc,Vinson Pervew,kX6lkF
mscritchrd,Merola Scritch,i1N2iZ2
rmelluishre,Roddy Melluish,q7VRnl
fmewharf,Flossy Mewha,lljUO2RtelwG
tramalheterg,Timmie Ramalhete,7cXPMLo6SyJh
smeachenrh,Sunshine Meachen,1hCYiLUc0
eimpletonri,Edan Impleton,68an4Y1opwQa
ttompkissrj,Tulley Tompkiss,HqwAoo9
schadwenrk,Shannen Chadwen,94VMQ9QmbBBA
gdmitrienkorl,Gretchen Dmitrienko,iwJeHNa5
snealrm,Sherwin Neal,jegmRD
ppoolyrn,Pennie Pooly,2OktaQNS
dbonassro,Dennison Bonass,W5TMiIUP3
loloughlinrp,Lilyan O'Loughlin,ESp5Tpg1nQW
acolleckrq,Abey Colleck,b3P9ls3lLI
sseymerrr,Samuele Seymer,CuvTsuf1
